price,area,bedrooms,bathrooms,stories,parking,mainroad_yes,guestroom_yes,basement_yes,hotwaterheating_yes,airconditioning_yes,prefarea_yes,furnishingstatus_semi-furnished,furnishingstatus_unfurnished,area_bedrooms
4.566365125868969,1.0467262882352133,1.4034193573588298,1.4218117367065486,1.3782169202337835,1.5176924895404067,True,False,False,False,True,True,False,False,1.4689959347656563
4.004484046345774,1.7570095257333957,1.4034193573588298,5.405808633904846,2.53202371213457,2.679409353022881,True,False,False,False,True,False,False,False,2.465821179478105
4.004484046345774,2.218232407225722,0.047278311684073836,1.4218117367065486,0.22441012833299692,1.5176924895404067,True,False,True,False,False,True,True,False,0.10487428313653109
3.985754677028334,1.0836241187545992,1.4034193573588298,1.4218117367065486,0.22441012833299692,2.679409353022881,True,False,True,False,True,True,False,False,1.5207790643611079
3.554979182727218,1.0467262882352133,1.4034193573588298,-0.5701867118926005,0.22441012833299692,1.5176924895404067,True,True,True,False,True,False,False,False,1.4689959347656563
3.255309273648181,1.0836241187545992,0.047278311684073836,3.4138101853056977,-0.9293966635677897,1.5176924895404067,True,False,True,False,True,True,True,False,0.05123191883485978
2.880721887299385,1.5817448307663118,1.4034193573588298,3.4138101853056977,2.53202371213457,1.5176924895404067,True,False,False,False,True,True,True,False,2.2198513138997082
2.880721887299385,5.096263187737839,2.7595604030335856,3.4138101853056977,0.22441012833299692,-0.8057412374245417,True,False,False,False,False,False,False,True,14.063446096319057
2.7308869327598666,1.3603578476499951,1.4034193573588298,-0.5701867118926005,0.22441012833299692,1.5176924895404067,True,True,True,False,True,True,False,False,1.909152536326997
2.6934281941249867,0.2764840761430282,0.047278311684073836,1.4218117367065486,2.53202371213457,0.35597562605793237,True,True,False,False,True,True,False,True,0.013071700327573292
2.6934281941249867,3.712594543260859,0.047278311684073836,-0.5701867118926005,0.22441012833299692,1.5176924895404067,True,False,True,False,True,True,False,False,0.17552520197287863
2.6297483384456917,0.39178979651610985,1.4034193573588298,3.4138101853056977,0.22441012833299692,1.5176924895404067,True,True,True,True,False,False,True,False,0.5498453844463855
2.4312170236808295,0.6454623813368893,1.4034193573588298,1.4218117367065486,0.22441012833299692,0.35597562605793237,True,False,False,False,True,True,True,False,0.9058544004151171
2.39375828504595,-0.761267407214706,1.4034193573588298,1.4218117367065486,0.22441012833299692,1.5176924895404067,True,False,False,True,False,False,False,False,-1.0683774154114853
2.39375828504595,1.2219909832022973,0.047278311684073836,1.4218117367065486,0.22441012833299692,-0.8057412374245417,True,False,False,False,False,True,True,False,0.05777367057896605
2.3188408077761906,0.39178979651610985,1.4034193573588298,-0.5701867118926005,0.22441012833299692,1.5176924895404067,True,False,True,False,False,False,True,False,0.5498453844463855
2.3188408077761906,0.6685235254115056,1.4034193573588298,1.4218117367065486,0.22441012833299692,0.35597562605793237,True,True,True,False,True,True,False,True,0.9382188564122745
2.2439233305064312,1.5448470002469257,0.047278311684073836,1.4218117367065486,2.53202371213457,1.5176924895404067,True,False,False,False,True,False,False,False,0.07303775798188064
2.2064645918715518,-0.253922237573147,0.047278311684073836,1.4218117367065486,0.22441012833299692,1.5176924895404067,True,True,False,False,True,False,False,False,-0.01200501469150069
2.187735222554112,0.5855034067428869,0.047278311684073836,1.4218117367065486,0.22441012833299692,0.35597562605793237,True,False,False,False,True,True,True,False,0.027681612556077265
2.1315471146017924,-0.3830646443909984,0.047278311684073836,-0.5701867118926005,0.22441012833299692,1.5176924895404067,True,False,True,True,False,False,True,False,-0.018110649652666528
2.094088375966913,0.9245022246397467,0.047278311684073836,1.4218117367065486,-0.9293966635677897,1.5176924895404067,True,True,True,False,True,False,False,True,0.04370890432913759
2.075359006649473,1.3372967035753787,0.047278311684073836,-0.5701867118926005,-0.9293966635677897,0.35597562605793237,True,True,True,False,True,False,False,False,0.06322513036572125
2.075359006649473,-0.2723711528328401,0.047278311684073836,1.4218117367065486,0.22441012833299692,0.35597562605793237,True,True,True,False,True,False,False,False,-0.012877248257381523
2.0379002680145937,1.6832138646946235,0.047278311684073836,1.4218117367065486,0.22441012833299692,1.5176924895404067,True,False,False,False,True,False,False,False,0.0795795097259869
2.0191708986971535,0.6408501525219661,1.4034193573588298,1.4218117367065486,0.22441012833299692,1.5176924895404067,True,True,True,False,True,True,False,False,0.8993815092156857
1.9779662861987861,0.39178979651610985,0.047278311684073836,1.4218117367065486,2.53202371213457,-0.8057412374245417,True,True,True,False,True,True,True,False,0.018523160114328505
1.9442534214273945,1.717805580806548,0.047278311684073836,-0.5701867118926005,-0.9293966635677897,0.35597562605793237,True,False,False,False,False,False,True,False,0.08121494766201345
1.9442534214273945,1.2911744154261462,2.7595604030335856,1.4218117367065486,0.22441012833299692,1.5176924895404067,True,False,True,True,False,False,False,True,3.5630737902200305
1.9442534214273945,0.16117835576994666,1.4034193573588298,1.4218117367065486,0.22441012833299692,0.35597562605793237,True,False,True,False,True,True,True,False,0.22620082447481138
1.9442534214273945,1.0720935467172912,0.047278311684073836,1.4218117367065486,2.53202371213457,1.5176924895404067,True,False,False,False,True,False,False,True,0.05068677285618427
1.9442534214273945,0.8530126780084362,0.047278311684073836,-0.5701867118926005,2.53202371213457,1.5176924895404067,True,False,False,False,True,False,True,False,0.04032899926134936
1.8880653134750751,-0.12477983075529565,1.4034193573588298,1.4218117367065486,0.22441012833299692,0.35597562605793237,True,False,False,False,True,True,False,False,-0.17511842988994059
1.8318772055227557,0.3733408812564168,0.047278311684073836,3.4138101853056977,0.22441012833299692,0.35597562605793237,True,True,True,False,False,False,False,True,0.017650926548447674
1.794418466887876,0.779217016969664,2.7595604030335856,-0.5701867118926005,0.22441012833299692,0.35597562605793237,True,True,True,False,True,False,False,False,2.1502964253994343
1.773516490729613,0.8530126780084362,0.047278311684073836,1.4218117367065486,2.53202371213457,1.5176924895404067,True,False,False,False,True,False,False,False,0.04032899926134936
1.7532138543895084,1.0753221068877374,0.047278311684073836,1.4218117367065486,1.3782169202337835,0.35597562605793237,True,False,False,True,False,True,False,False,0.05083941373021341
1.7195009896181168,1.7754584409930887,1.4034193573588298,1.4218117367065486,2.53202371213457,1.5176924895404067,True,False,False,False,True,False,False,False,2.4917127442758304
1.7101363049593967,0.39178979651610985,0.047278311684073836,-0.5701867118926005,2.53202371213457,1.5176924895404067,True,True,False,False,True,False,False,True,0.018523160114328505
1.6820422509832371,0.39178979651610985,1.4034193573588298,1.4218117367065486,2.53202371213457,0.35597562605793237,True,False,False,False,True,False,True,False,0.5498453844463855
1.6633128816657974,0.6454623813368893,0.047278311684073836,-0.5701867118926005,0.22441012833299692,-0.8057412374245417,True,False,True,False,True,True,False,False,0.030516371645189975
1.6445835123483574,0.5578300338533473,0.047278311684073836,1.4218117367065486,2.53202371213457,-0.8057412374245417,True,False,False,False,True,True,False,False,0.026373262207256012
1.5696660350785983,0.6131767796324264,0.047278311684073836,1.4218117367065486,2.53202371213457,1.5176924895404067,True,False,False,False,True,False,False,True,0.028989962904898515
1.5696660350785983,0.39178979651610985,1.4034193573588298,1.4218117367065486,2.53202371213457,1.5176924895404067,True,False,False,False,False,False,True,False,0.5498453844463855
1.494748557808839,0.39178979651610985,1.4034193573588298,1.4218117367065486,2.53202371213457,0.35597562605793237,True,False,False,False,True,False,False,False,0.5498453844463855
1.494748557808839,0.39178979651610985,0.047278311684073836,1.4218117367065486,1.3782169202337835,-0.8057412374245417,True,False,False,False,True,False,True,False,0.018523160114328505
1.4760191884913991,0.39178979651610985,0.047278311684073836,1.4218117367065486,2.53202371213457,0.35597562605793237,True,False,False,False,True,False,False,False,0.018523160114328505
1.4572898191739594,0.6685235254115056,0.047278311684073836,-0.5701867118926005,2.53202371213457,2.679409353022881,True,False,False,False,True,True,False,False,0.03160666360254102
1.4385604498565197,-0.39228910202084494,0.047278311684073836,1.4218117367065486,0.22441012833299692,0.35597562605793237,True,False,True,False,False,False,False,True,-0.018546766435606946
1.4198310805390797,1.0559507458650597,0.047278311684073836,1.4218117367065486,-0.9293966635677897,-0.8057412374245417,True,True,True,False,True,True,True,False,0.04992356848603853
1.4198310805390797,1.0559507458650597,0.047278311684073836,1.4218117367065486,2.53202371213457,0.35597562605793237,True,False,False,False,False,True,False,True,0.04992356848603853
1.4198310805390797,0.5416872330011159,0.047278311684073836,-0.5701867118926005,2.53202371213457,0.35597562605793237,True,False,False,False,True,False,False,True,0.025610057837110282
1.3823723419042002,0.39178979651610985,1.4034193573588298,1.4218117367065486,2.53202371213457,0.35597562605793237,True,True,False,False,True,False,False,False,0.5498453844463855
1.3823723419042002,-0.00024965275236754836,0.047278311684073836,1.4218117367065486,2.53202371213457,1.5176924895404067,True,False,False,False,True,False,True,False,-1.1803160639219854e-05
1.3823723419042002,0.39178979651610985,0.047278311684073836,1.4218117367065486,0.22441012833299692,0.35597562605793237,True,True,False,False,True,False,True,False,0.018523160114328505
1.3823723419042002,0.39178979651610985,0.047278311684073836,-0.5701867118926005,0.22441012833299692,0.35597562605793237,True,False,False,False,True,False,False,True,0.018523160114328505
1.378626468040712,2.900842271834365,1.4034193573588298,-0.5701867118926005,0.22441012833299692,0.35597562605793237,True,False,True,False,False,True,True,False,4.071098196937113
1.3261842339518808,1.7754584409930887,1.4034193573588298,1.4218117367065486,2.53202371213457,0.35597562605793237,True,True,False,False,True,True,False,False,2.4917127442758304
1.3074548646344408,1.166644237423218,1.4034193573588298,1.4218117367065486,2.53202371213457,0.35597562605793237,True,True,False,False,True,False,True,False,1.6372911059508748
1.3074548646344408,0.39178979651610985,0.047278311684073836,1.4218117367065486,2.53202371213457,0.35597562605793237,True,True,False,False,True,False,False,False,0.018523160114328505
1.2699961259995614,0.39178979651610985,0.047278311684073836,1.4218117367065486,0.22441012833299692,0.35597562605793237,True,True,False,False,False,False,True,False,0.018523160114328505
1.2325373873646817,1.7201116952140096,-1.308862733990682,-0.5701867118926005,-0.9293966635677897,0.35597562605793237,True,False,False,False,True,False,True,False,-2.2513900961671554
1.2325373873646817,0.5024832880742681,1.4034193573588298,1.4218117367065486,0.22441012833299692,0.35597562605793237,True,False,False,False,True,False,False,False,0.7051947732327412
1.213808018047242,0.5578300338533473,1.4034193573588298,1.4218117367065486,1.3782169202337835,1.5176924895404067,True,False,False,False,True,True,False,False,0.7828694676259189
1.195078648729802,2.7786182082388984,0.047278311684073836,-0.5701867118926005,-0.9293966635677897,0.35597562605793237,True,False,True,False,True,True,False,False,0.1313683777001614
1.1576199100949225,1.7201116952140096,0.047278311684073836,1.4218117367065486,0.22441012833299692,0.35597562605793237,True,False,True,False,True,False,False,False,0.08132397685774856
1.1576199100949225,3.712594543260859,-1.308862733990682,-0.5701867118926005,-0.9293966635677897,0.35597562605793237,True,False,True,True,False,False,False,False,-4.859276644091295
1.1388905407774825,1.1758686950530646,0.047278311684073836,1.4218117367065486,-0.9293966635677897,1.5176924895404067,True,False,False,False,False,False,False,True,0.055593086664263956
1.1201611714600428,0.39178979651610985,0.047278311684073836,-0.5701867118926005,-0.9293966635677897,0.35597562605793237,True,False,False,False,True,False,False,False,0.018523160114328505
1.082702432825163,3.200637144804377,1.4034193573588298,1.4218117367065486,0.22441012833299692,1.5176924895404067,True,False,False,False,False,True,False,False,4.491836124900159
1.082702432825163,-0.5306559664685429,0.047278311684073836,1.4218117367065486,0.22441012833299692,-0.8057412374245417,True,False,True,False,True,True,True,False,-0.025088518179713203
1.0639730635077234,0.39178979651610985,1.4034193573588298,1.4218117367065486,2.53202371213457,-0.8057412374245417,True,False,False,False,True,False,False,True,0.5498453844463855
1.0452436941902836,-0.06020862734636997,0.047278311684073836,-0.5701867118926005,2.53202371213457,-0.8057412374245417,True,False,False,False,True,True,False,True,-0.002846562249751931
1.0265143248728437,0.6685235254115056,-1.308862733990682,1.4218117367065486,2.53202371213457,-0.8057412374245417,True,False,True,False,False,True,False,False,-0.8750055292071924
1.007784955555404,-0.5122070512088498,0.047278311684073836,-0.5701867118926005,0.22441012833299692,0.35597562605793237,True,False,True,True,False,False,False,False,-0.024216284613832368
1.007784955555404,-0.410738017280538,1.4034193573588298,1.4218117367065486,0.22441012833299692,-0.8057412374245417,True,False,False,True,False,False,True,False,-0.5764376842546926
1.007784955555404,0.5855034067428869,0.047278311684073836,1.4218117367065486,1.3782169202337835,-0.8057412374245417,True,False,False,False,True,True,False,False,0.027681612556077265
1.007784955555404,0.622401237262273,0.047278311684073836,1.4218117367065486,1.3782169202337835,-0.8057412374245417,True,False,False,False,True,True,False,False,0.029426079687838936
1.007784955555404,0.25342293206841193,0.047278311684073836,-0.5701867118926005,-0.9293966635677897,1.5176924895404067,True,True,True,False,True,True,False,False,0.01198140837022225
1.007784955555404,0.39178979651610985,0.047278311684073836,1.4218117367065486,1.3782169202337835,-0.8057412374245417,True,True,False,False,True,False,False,False,0.018523160114328505
0.99654733396494,0.39178979651610985,0.047278311684073836,-0.5701867118926005,0.22441012833299692,0.35597562605793237,True,False,False,True,False,True,True,False,0.018523160114328505
0.9890555862379641,-0.5306559664685429,0.047278311684073836,1.4218117367065486,0.22441012833299692,0.35597562605793237,True,False,True,False,True,False,True,False,-0.025088518179713203
0.9890555862379641,2.4672927632315784,0.047278311684073836,1.4218117367065486,-0.9293966635677897,0.35597562605793237,True,False,True,False,True,True,False,False,0.11664943627592235
0.9703262169205242,0.39178979651610985,0.047278311684073836,1.4218117367065486,2.53202371213457,-0.8057412374245417,True,False,False,False,True,False,True,False,0.018523160114328505
0.9328674782856446,-0.6413494580267012,0.047278311684073836,-0.5701867118926005,0.22441012833299692,1.5176924895404067,True,False,False,True,False,False,True,False,-0.030321919574998208
0.9328674782856446,1.429541279873844,0.047278311684073836,1.4218117367065486,1.3782169202337835,-0.8057412374245417,True,False,False,False,True,False,False,False,0.06758629819512543
0.9328674782856446,0.7008091271159684,0.047278311684073836,-0.5701867118926005,1.3782169202337835,-0.8057412374245417,True,False,True,False,False,True,False,True,0.03313307234283248
0.9141381089682048,-0.5491048817282359,0.047278311684073836,-0.5701867118926005,-0.9293966635677897,1.5176924895404067,True,False,True,False,False,False,True,False,-0.02596075174559404
0.9141381089682048,1.04211405942029,0.047278311684073836,-0.5701867118926005,-0.9293966635677897,1.5176924895404067,True,True,True,False,True,True,False,True,0.04926939331162791
0.8954087396507651,1.5817448307663118,2.7595604030335856,3.4138101853056977,0.22441012833299692,1.5176924895404067,True,False,False,False,False,False,False,False,4.364920402685774
0.8954087396507651,-0.0694330849762165,0.047278311684073836,-0.5701867118926005,0.22441012833299692,-0.8057412374245417,True,False,False,False,True,False,True,False,-0.003282679032692348
0.8841711180603011,0.7377069576353545,-1.308862733990682,-0.5701867118926005,-0.9293966635677897,1.5176924895404067,True,True,True,False,False,True,False,False,-0.9655571454545584
0.8766793703333252,-0.16167766127468175,0.047278311684073836,1.4218117367065486,2.53202371213457,-0.8057412374245417,True,True,False,False,True,False,False,False,-0.0076438468620965185
0.8204912623810058,0.9452572543069014,0.047278311684073836,1.4218117367065486,-0.9293966635677897,2.679409353022881,True,False,True,False,True,False,True,False,0.04469016709075353
0.8204912623810058,0.39178979651610985,1.4034193573588298,1.4218117367065486,2.53202371213457,0.35597562605793237,True,False,False,False,False,False,True,False,0.5498453844463855
0.8204912623810058,-0.48453367831931016,0.047278311684073836,1.4218117367065486,1.3782169202337835,1.5176924895404067,True,False,False,False,True,False,True,False,-0.022907934265011115
0.8204912623810058,1.7754584409930887,0.047278311684073836,-0.5701867118926005,-0.9293966635677897,0.35597562605793237,True,False,True,False,False,True,False,False,0.08394067755539106
0.8204912623810058,0.5762789491130403,0.047278311684073836,-0.5701867118926005,-0.9293966635677897,0.35597562605793237,True,True,True,False,True,True,True,False,0.027245495773136848
0.8167453885175179,0.6685235254115056,0.047278311684073836,1.4218117367065486,1.3782169202337835,-0.8057412374245417,True,False,False,False,True,True,False,True,0.03160666360254102
0.8017618930635659,0.39178979651610985,1.4034193573588298,-0.5701867118926005,1.3782169202337835,-0.8057412374245417,True,True,True,False,False,True,False,True,0.5498453844463855
0.7830325237461262,0.6685235254115056,0.047278311684073836,1.4218117367065486,-0.9293966635677897,-0.8057412374245417,True,False,True,False,True,True,False,True,0.03160666360254102
0.7830325237461262,0.16117835576994666,0.047278311684073836,-0.5701867118926005,1.3782169202337835,0.35597562605793237,True,False,False,False,False,True,False,True,0.007620240540818078
0.7643031544286863,0.16117835576994666,0.047278311684073836,1.4218117367065486,2.53202371213457,0.35597562605793237,True,True,False,False,True,False,True,False,0.007620240540818078
0.7643031544286863,0.553217805038424,0.047278311684073836,1.4218117367065486,1.3782169202337835,-0.8057412374245417,True,True,False,False,True,False,False,False,0.026155203815785802
0.7643031544286863,0.16117835576994666,0.047278311684073836,1.4218117367065486,-0.9293966635677897,1.5176924895404067,True,True,True,False,False,True,False,False,0.007620240540818078
0.7455737851112465,-0.30004452572237966,0.047278311684073836,-0.5701867118926005,2.53202371213457,-0.8057412374245417,True,False,False,False,True,False,False,True,-0.014185598606202774
0.7455737851112465,0.13811721169533034,1.4034193573588298,1.4218117367065486,-0.9293966635677897,-0.8057412374245417,True,False,True,False,True,True,True,False,0.19383636847765395
0.7268444157938068,0.5855034067428869,0.047278311684073836,-0.5701867118926005,1.3782169202337835,-0.8057412374245417,True,False,True,False,False,True,False,True,0.027681612556077265
0.7174797311350868,-0.8811853564027108,1.4034193573588298,-0.5701867118926005,1.3782169202337835,0.35597562605793237,True,False,False,False,False,False,True,False,-1.2366725865967039
0.7081150464763669,0.6754418686338906,1.4034193573588298,1.4218117367065486,0.22441012833299692,0.35597562605793237,True,True,False,True,False,False,True,False,0.9479281932114219
0.7081150464763669,0.6685235254115056,0.047278311684073836,-0.5701867118926005,-0.9293966635677897,1.5176924895404067,True,True,True,False,False,True,True,False,0.03160666360254102
0.7081150464763669,1.485810471415908,0.047278311684073836,-0.5701867118926005,1.3782169202337835,1.5176924895404067,True,False,False,False,True,False,False,True,0.07024661057106198
0.704369172612879,-0.39228910202084494,4.115701448708341,1.4218117367065486,0.22441012833299692,-0.8057412374245417,True,False,False,False,False,False,False,False,-1.6145448254996857
0.704369172612879,2.061416627518331,0.047278311684073836,-0.5701867118926005,-0.9293966635677897,1.5176924895404067,True,False,True,False,False,True,False,False,0.09746029782654399
0.6706563078414873,0.7607681017099709,-1.308862733990682,-0.5701867118926005,-0.9293966635677897,1.5176924895404067,True,True,True,False,False,False,False,False,-0.9957410175370137
0.6706563078414873,1.3142355595007624,0.047278311684073836,-0.5701867118926005,-0.9293966635677897,1.5176924895404067,True,True,True,False,True,True,True,False,0.06213483840837021
0.6706563078414873,0.8068903898592035,0.047278311684073836,1.4218117367065486,-0.9293966635677897,-0.8057412374245417,True,True,True,False,False,True,False,True,0.03814841534664727
0.6331975692066076,-0.6690228309162407,1.4034193573588298,-0.5701867118926005,0.22441012833299692,-0.8057412374245417,True,True,False,False,True,False,False,False,-0.9389195914228556
0.6331975692066076,0.5855034067428869,0.047278311684073836,-0.5701867118926005,-0.9293966635677897,-0.8057412374245417,True,False,True,False,True,True,False,False,0.027681612556077265
0.6331975692066076,0.8622371356382826,0.047278311684073836,-0.5701867118926005,-0.9293966635677897,1.5176924895404067,True,False,True,False,True,True,True,False,0.04076511604428978
0.6331975692066076,0.6408501525219661,0.047278311684073836,-0.5701867118926005,-0.9293966635677897,1.5176924895404067,True,True,True,False,False,True,False,False,0.030298313253719768
0.6331975692066076,0.9595551636331635,0.047278311684073836,-0.5701867118926005,0.22441012833299692,-0.8057412374245417,True,True,True,False,True,True,True,False,0.04536614810431117
0.6331975692066076,0.5089404084151607,1.4034193573588298,1.4218117367065486,-0.9293966635677897,0.35597562605793237,True,False,True,False,False,True,True,False,0.7142568209119453
0.6331975692066076,1.0006040000859806,1.4034193573588298,1.4218117367065486,0.22441012833299692,-0.8057412374245417,True,False,False,False,False,False,False,False,1.4042670227713414
0.6331975692066076,0.6339318092995812,0.047278311684073836,1.4218117367065486,2.53202371213457,0.35597562605793237,True,False,False,False,False,False,False,False,0.029971225666514455
0.6294516953431197,4.819529458842443,0.047278311684073836,-0.5701867118926005,-0.9293966635677897,1.5176924895404067,True,False,False,False,True,False,True,False,0.22785921592572875
0.595738830571728,0.9268083390472084,0.047278311684073836,-0.5701867118926005,-0.9293966635677897,1.5176924895404067,True,False,True,False,False,True,False,True,0.0438179335248727
0.595738830571728,0.622401237262273,0.047278311684073836,1.4218117367065486,1.3782169202337835,-0.8057412374245417,True,False,False,False,True,False,False,True,0.029426079687838936
0.5919929567082401,0.16117835576994666,0.047278311684073836,-0.5701867118926005,1.3782169202337835,0.35597562605793237,True,True,False,False,True,False,False,False,0.007620240540818078
0.5919929567082401,2.9100667294642113,0.047278311684073836,-0.5701867118926005,1.3782169202337835,1.5176924895404067,True,False,False,False,False,True,True,False,0.13758304185706235
0.5882470828447521,-0.16167766127468175,0.047278311684073836,-0.5701867118926005,-0.9293966635677897,-0.8057412374245417,True,True,True,False,False,False,False,True,-0.0076438468620965185
0.5582800919368485,0.3124594608994297,1.4034193573588298,-0.5701867118926005,2.53202371213457,-0.8057412374245417,True,True,False,False,False,False,True,False,0.4385116558161641
0.5582800919368485,0.02281149132224877,0.047278311684073836,-0.5701867118926005,1.3782169202337835,-0.8057412374245417,True,False,False,False,True,False,True,False,0.0010784887967118229
0.5582800919368485,-0.16167766127468175,0.047278311684073836,-0.5701867118926005,1.3782169202337835,-0.8057412374245417,True,False,False,False,True,False,False,True,-0.0076438468620965185
0.5545342180733605,0.8530126780084362,0.047278311684073836,-0.5701867118926005,-0.9293966635677897,1.5176924895404067,True,False,True,False,False,True,True,False,0.04032899926134936
0.5395507226194086,0.39178979651610985,0.047278311684073836,1.4218117367065486,2.53202371213457,-0.8057412374245417,True,False,False,False,True,False,False,True,0.018523160114328505
0.5208213533019688,0.11505606762071403,1.4034193573588298,1.4218117367065486,0.22441012833299692,1.5176924895404067,True,False,False,False,True,False,False,True,0.16147191248049655
0.5208213533019688,-0.23547332231345397,1.4034193573588298,-0.5701867118926005,0.22441012833299692,0.35597562605793237,True,False,False,False,False,False,True,False,-0.33046781867629615
0.5208213533019688,-0.0694330849762165,0.047278311684073836,-0.5701867118926005,1.3782169202337835,-0.8057412374245417,True,False,False,False,True,False,True,False,-0.003282679032692348
0.5208213533019688,0.5578300338533473,0.047278311684073836,-0.5701867118926005,-0.9293966635677897,1.5176924895404067,True,True,True,False,True,True,False,False,0.026373262207256012
0.5208213533019688,0.29954522021764457,0.047278311684073836,1.4218117367065486,2.53202371213457,-0.8057412374245417,True,False,False,False,True,False,False,True,0.014161992284924336
0.4739979300083693,0.6961968983010451,1.4034193573588298,1.4218117367065486,0.22441012833299692,0.35597562605793237,True,True,True,False,False,True,True,False,0.9770562036088634
0.4459038760322096,2.4672927632315784,1.4034193573588298,1.4218117367065486,0.22441012833299692,0.35597562605793237,True,False,False,False,False,False,True,False,3.4626464241905532
0.4459038760322096,-0.16167766127468175,2.7595604030335856,1.4218117367065486,1.3782169202337835,-0.8057412374245417,False,False,True,True,False,False,False,True,-0.44615927210868833
0.4459038760322096,-0.2077999494239144,1.4034193573588298,-0.5701867118926005,0.22441012833299692,0.35597562605793237,True,True,True,False,True,False,False,False,-0.2916304714797073
0.4459038760322096,-0.0694330849762165,0.047278311684073836,-0.5701867118926005,2.53202371213457,-0.8057412374245417,True,False,False,False,False,False,False,False,-0.003282679032692348
0.4459038760322096,2.4672927632315784,-1.308862733990682,-0.5701867118926005,-0.9293966635677897,0.35597562605793237,True,False,False,False,False,False,True,False,-3.2293475516387082
0.4459038760322096,0.16117835576994666,0.047278311684073836,1.4218117367065486,0.22441012833299692,0.35597562605793237,True,False,False,False,False,False,True,False,0.007620240540818078
0.4459038760322096,0.5578300338533473,0.047278311684073836,-0.5701867118926005,1.3782169202337835,-0.8057412374245417,True,False,False,False,False,True,True,False,0.026373262207256012
0.4459038760322096,0.6685235254115056,1.4034193573588298,1.4218117367065486,-0.9293966635677897,-0.8057412374245417,True,False,True,False,False,True,True,False,0.9382188564122745
0.4459038760322096,-0.006706773093260117,0.047278311684073836,-0.5701867118926005,0.22441012833299692,-0.8057412374245417,True,True,True,False,True,True,False,True,-0.0003170849086975118
0.42717450671476975,-0.3461668138716123,1.4034193573588298,-0.5701867118926005,0.22441012833299692,1.5176924895404067,True,False,False,False,True,True,True,False,-0.4858172074626518
0.42717450671476975,0.11505606762071403,2.7595604030335856,-0.5701867118926005,0.22441012833299692,-0.8057412374245417,True,True,True,False,True,True,False,False,0.3175041683348771
0.40844513739732996,-0.8535119835131713,0.047278311684073836,3.4138101853056977,0.22441012833299692,-0.8057412374245417,True,False,True,False,False,False,True,False,-0.0403526055826278
0.40844513739732996,-0.692083974990857,0.047278311684073836,1.4218117367065486,0.22441012833299692,1.5176924895404067,True,False,False,False,False,False,True,False,-0.0327205618811705
0.40844513739732996,0.4379120846653424,0.047278311684073836,1.4218117367065486,-0.9293966635677897,1.5176924895404067,True,False,True,False,False,True,False,False,0.02070374402903059
0.404699263533842,0.8068903898592035,0.047278311684073836,-0.5701867118926005,-0.9293966635677897,-0.8057412374245417,True,True,True,False,False,True,True,False,0.03814841534664727
0.38971576807989017,-1.076282635273965,1.4034193573588298,1.4218117367065486,0.22441012833299692,0.35597562605793237,False,True,True,False,False,False,False,False,-1.5104758843326558
0.38971576807989017,1.3050111018709158,0.047278311684073836,-0.5701867118926005,-0.9293966635677897,1.5176924895404067,True,False,False,False,False,False,True,False,0.06169872162542979
0.3709863987624503,-0.9226954157370202,0.047278311684073836,1.4218117367065486,-0.9293966635677897,-0.8057412374245417,True,True,True,False,True,False,False,False,-0.043623481454680924
0.3709863987624503,0.48864660162949836,1.4034193573588298,-0.5701867118926005,2.53202371213457,-0.8057412374245417,True,True,False,False,True,False,False,False,0.6857760996344467
0.3709863987624503,0.4379120846653424,0.047278311684073836,-0.5701867118926005,1.3782169202337835,-0.8057412374245417,True,True,False,False,True,True,True,False,0.02070374402903059
0.3709863987624503,0.6685235254115056,1.4034193573588298,1.4218117367065486,0.22441012833299692,-0.8057412374245417,True,True,True,False,False,True,True,False,0.9382188564122745
0.3522570294450105,0.772298673747279,0.047278311684073836,-0.5701867118926005,-0.9293966635677897,-0.8057412374245417,True,True,True,False,True,True,True,False,0.036512977410620706
0.33352766012757074,0.7192580423756615,0.047278311684073836,1.4218117367065486,0.22441012833299692,0.35597562605793237,True,True,True,False,False,True,False,False,0.03400530590871331
0.3297817862640828,0.5993400931876567,0.047278311684073836,1.4218117367065486,-0.9293966635677897,-0.8057412374245417,True,True,True,True,False,False,False,True,0.02833578773048789
0.2960689214926911,1.2219909832022973,0.047278311684073836,-0.5701867118926005,-0.9293966635677897,1.5176924895404067,True,False,True,False,True,True,False,True,0.05777367057896605
0.2773395521752513,-0.253922237573147,-1.308862733990682,1.4218117367065486,-0.9293966635677897,1.5176924895404067,True,False,False,False,True,False,True,False,0.3323493540910207
0.25861018285781145,-0.410738017280538,1.4034193573588298,-0.5701867118926005,0.22441012833299692,-0.8057412374245417,True,False,True,False,True,False,False,False,-0.5764376842546926
0.25861018285781145,0.6408501525219661,1.4034193573588298,1.4218117367065486,0.22441012833299692,-0.8057412374245417,False,False,False,False,True,False,True,False,0.8993815092156857
0.25861018285781145,0.16117835576994666,0.047278311684073836,1.4218117367065486,-0.9293966635677897,-0.8057412374245417,True,False,True,False,False,False,True,False,0.007620240540818078
0.25861018285781145,2.3607502776068507,0.047278311684073836,-0.5701867118926005,-0.9293966635677897,0.35597562605793237,True,False,False,False,False,True,True,False,0.11161228743296052
0.25861018285781145,1.498724712097693,0.047278311684073836,-0.5701867118926005,0.22441012833299692,1.5176924895404067,True,True,True,False,True,True,False,True,0.07085717406717855
0.25861018285781145,0.0689337794714814,1.4034193573588298,1.4218117367065486,-0.9293966635677897,-0.8057412374245417,True,False,False,False,True,True,False,True,0.09674300048618172
0.25861018285781145,-0.6229005427670081,0.047278311684073836,-0.5701867118926005,0.22441012833299692,0.35597562605793237,True,True,True,False,False,True,False,True,-0.029449686009117373
0.25861018285781145,2.14443674618695,1.4034193573588298,1.4218117367065486,0.22441012833299692,1.5176924895404067,True,True,False,False,False,False,True,False,3.0095440402303493
0.25861018285781145,1.554071457876772,0.047278311684073836,-0.5701867118926005,-0.9293966635677897,1.5176924895404067,True,False,False,False,True,False,False,False,0.07347387476482105
0.2548643089943235,0.41485094059072614,0.047278311684073836,-0.5701867118926005,-0.9293966635677897,-0.8057412374245417,True,False,True,False,False,True,True,False,0.019613452071679548
0.24737256126734758,0.8922166229352839,0.047278311684073836,-0.5701867118926005,-0.9293966635677897,1.5176924895404067,True,True,True,False,False,True,True,False,0.04218249558884613
0.23988081354037166,-0.9088587292922504,0.047278311684073836,1.4218117367065486,0.22441012833299692,1.5176924895404067,True,False,False,False,False,False,True,False,-0.042969306280270306
0.23988081354037166,-0.30004452572237966,1.4034193573588298,1.4218117367065486,-0.9293966635677897,1.5176924895404067,False,False,True,False,True,False,True,False,-0.4210882954683369
0.23988081354037166,0.9452572543069014,0.047278311684073836,-0.5701867118926005,0.22441012833299692,0.35597562605793237,True,True,True,False,False,True,False,False,0.04469016709075353
0.20242207490549205,-0.8027774665490154,0.047278311684073836,-0.5701867118926005,0.22441012833299692,-0.8057412374245417,False,False,False,False,True,False,True,False,-0.037953963276455505
0.20242207490549205,1.3050111018709158,0.047278311684073836,-0.5701867118926005,-0.9293966635677897,0.35597562605793237,True,False,False,False,False,True,True,False,0.06169872162542979
0.18369270558805223,-0.9918788479608691,0.047278311684073836,1.4218117367065486,0.22441012833299692,-0.8057412374245417,True,True,True,False,False,False,False,False,-0.046894357326734054
0.18369270558805223,-0.9918788479608691,0.047278311684073836,-0.5701867118926005,0.22441012833299692,-0.8057412374245417,True,False,True,False,False,False,False,True,-0.046894357326734054
0.18369270558805223,2.8870055853895953,-1.308862733990682,-0.5701867118926005,0.22441012833299692,-0.8057412374245417,True,False,False,False,False,True,False,False,-3.778694023539395
0.18369270558805223,0.4379120846653424,0.047278311684073836,-0.5701867118926005,-0.9293966635677897,-0.8057412374245417,True,False,True,False,True,True,True,False,0.02070374402903059
0.1649633362706124,0.26264738969825846,-1.308862733990682,-0.5701867118926005,0.22441012833299692,-0.8057412374245417,True,False,False,False,True,True,False,True,-0.34376938055597867
0.14623396695317262,-0.7428184919550129,-1.308862733990682,-0.5701867118926005,-0.9293966635677897,-0.8057412374245417,False,True,True,False,False,False,True,False,0.9722474422390737
0.14623396695317262,1.1297464069038319,1.4034193573588298,-0.5701867118926005,0.22441012833299692,1.5176924895404067,True,False,False,False,True,False,False,False,1.5855079763554227
0.14623396695317262,2.5595373395300434,0.047278311684073836,-0.5701867118926005,0.22441012833299692,-0.8057412374245417,True,True,True,False,False,False,True,False,0.1210106041053265
0.14623396695317262,0.6685235254115056,0.047278311684073836,-0.5701867118926005,-0.9293966635677897,-0.8057412374245417,True,True,True,False,False,True,False,False,0.03160666360254102
0.14248809308968463,-0.16167766127468175,-1.308862733990682,-0.5701867118926005,-0.9293966635677897,-0.8057412374245417,True,True,True,False,False,False,True,False,0.21161386576119937
0.1275045976357328,1.3834189917246114,0.047278311684073836,1.4218117367065486,-0.9293966635677897,-0.8057412374245417,True,True,True,False,False,False,True,False,0.06540571428042334
0.10877522831829298,-0.341554585056689,1.4034193573588298,3.4138101853056977,0.22441012833299692,1.5176924895404067,True,False,True,False,False,False,True,False,-0.47934431626322027
0.10877522831829298,1.169411574712172,0.047278311684073836,-0.5701867118926005,-0.9293966635677897,-0.8057412374245417,True,True,True,True,False,False,True,False,0.05528780491620567
0.10128348059131706,-1.0841234242593345,0.047278311684073836,1.4218117367065486,0.22441012833299692,0.35597562605793237,False,False,True,False,True,False,True,False,-0.05125552515613823
0.09004585900085317,0.36780620667850883,0.047278311684073836,-0.5701867118926005,0.22441012833299692,-0.8057412374245417,True,False,False,False,True,False,True,False,0.01738925647868342
0.07506236354690132,-0.4384113901700776,0.047278311684073836,-0.5701867118926005,0.22441012833299692,0.35597562605793237,True,False,False,False,False,False,False,False,-0.02072735035030903
0.07131648968341336,-0.29082006809253313,0.047278311684073836,-0.5701867118926005,0.22441012833299692,-0.8057412374245417,True,False,True,False,True,False,True,False,-0.013749481823262358
0.07131648968341336,-0.4868397927267718,0.047278311684073836,-0.5701867118926005,0.22441012833299692,-0.8057412374245417,False,True,True,False,True,False,True,False,-0.02301696346074622
0.07131648968341336,-0.47530922068946363,-1.308862733990682,-0.5701867118926005,-0.9293966635677897,0.35597562605793237,True,False,True,False,False,False,True,False,0.6221145260825918
0.07131648968341336,0.11505606762071403,1.4034193573588298,-0.5701867118926005,0.22441012833299692,-0.8057412374245417,True,False,False,False,False,False,True,False,0.16147191248049655
0.07131648968341336,-0.17551434771945154,0.047278311684073836,-0.5701867118926005,-0.9293966635677897,-0.8057412374245417,True,True,True,False,False,False,True,False,-0.008298022036507143
0.07131648968341336,0.5301566609638078,0.047278311684073836,-0.5701867118926005,-0.9293966635677897,1.5176924895404067,True,False,False,False,True,False,True,False,0.025064911858434763
0.07131648968341336,0.29954522021764457,-1.308862733990682,-0.5701867118926005,-0.9293966635677897,-0.8057412374245417,True,True,True,False,True,False,True,False,-0.3920635758879072
0.07131648968341336,-0.9918788479608691,0.047278311684073836,-0.5701867118926005,0.22441012833299692,-0.8057412374245417,True,False,True,False,True,False,True,False,-0.046894357326734054
0.07131648968341336,-1.005715534405639,0.047278311684073836,-0.5701867118926005,1.3782169202337835,-0.8057412374245417,True,False,False,False,False,False,True,False,-0.047548532501144686
0.07131648968341336,0.7238702711905848,0.047278311684073836,-0.5701867118926005,-0.9293966635677897,-0.8057412374245417,True,False,False,False,False,False,False,True,0.03422336430018352
0.07131648968341336,-0.23270598502450002,0.047278311684073836,-0.5701867118926005,0.22441012833299692,1.5176924895404067,True,True,True,False,False,False,True,False,-0.01100194609073773
0.07131648968341336,3.5742276788131613,0.047278311684073836,-0.5701867118926005,-0.9293966635677897,1.5176924895404067,True,False,False,False,False,False,False,False,0.1689834502287724
0.0675706158199254,-0.7981652377340921,1.4034193573588298,1.4218117367065486,0.22441012833299692,1.5176924895404067,True,False,True,False,True,False,True,False,-1.1201605450069372
0.0675706158199254,-0.07173919938367813,1.4034193573588298,1.4218117367065486,-0.9293966635677897,-0.8057412374245417,True,False,True,False,False,False,True,False,-0.10068018109647853
0.05258712036597355,-0.3692279579462286,-1.308862733990682,-0.5701867118926005,-0.9293966635677897,-0.8057412374245417,True,False,True,False,False,False,False,True,0.4832687145032973
0.03385775104853374,-0.4568603054297706,0.047278311684073836,-0.5701867118926005,1.3782169202337835,-0.8057412374245417,True,False,False,False,False,False,False,True,-0.021599583916189862
0.03385775104853374,0.4102387117758029,0.047278311684073836,-0.5701867118926005,-0.9293966635677897,1.5176924895404067,True,False,False,False,False,True,True,False,0.01939539368020934
0.03385775104853374,0.7893639203624951,0.047278311684073836,-0.5701867118926005,0.22441012833299692,1.5176924895404067,True,False,False,False,True,True,False,False,0.03731979345906048
0.03385775104853374,-0.15475931805229687,-1.308862733990682,-0.5701867118926005,-0.9293966635677897,-0.8057412374245417,True,False,False,False,True,True,True,False,0.2025587041364628
0.015128381731093928,0.8530126780084362,0.047278311684073836,-0.5701867118926005,0.22441012833299692,-0.8057412374245417,True,False,True,False,False,False,False,True,0.04032899926134936
0.015128381731093928,1.3603578476499951,1.4034193573588298,-0.5701867118926005,2.53202371213457,1.5176924895404067,True,False,True,False,True,False,True,False,1.909152536326997
0.00014488627714207963,-0.7981652377340921,1.4034193573588298,1.4218117367065486,0.22441012833299692,-0.8057412374245417,True,False,False,False,False,False,True,False,-1.1201605450069372
-0.0036009875863458824,1.852021439320815,-1.308862733990682,-0.5701867118926005,-0.9293966635677897,1.5176924895404067,True,False,True,False,True,False,True,False,-2.4240418444787997
-0.0036009875863458824,0.5398423414751465,0.047278311684073836,-0.5701867118926005,0.22441012833299692,0.35597562605793237,True,False,True,False,True,False,False,False,0.0255228344805222
-0.0036009875863458824,2.3473748140435733,-1.308862733990682,-0.5701867118926005,-0.9293966635677897,1.5176924895404067,True,False,False,False,True,True,False,True,-3.07239141680994
-0.007346861449833845,0.5947278643727334,-1.308862733990682,-0.5701867118926005,-0.9293966635677897,2.679409353022881,True,False,False,False,True,False,True,False,-0.7784171385433354
-0.04105972622122551,0.008974804877478978,0.047278311684073836,-0.5701867118926005,2.53202371213457,-0.8057412374245417,True,False,False,False,True,False,True,False,0.00042431362230119723
-0.04105972622122551,0.39178979651610985,-1.308862733990682,-0.5701867118926005,-0.9293966635677897,0.35597562605793237,True,False,True,False,True,False,False,False,-0.5127990642177285
-0.04105972622122551,-0.7013084326207035,0.047278311684073836,-0.5701867118926005,0.22441012833299692,1.5176924895404067,True,False,False,False,False,False,True,False,-0.033156678664110914
-0.04105972622122551,2.0830941029484706,1.4034193573588298,1.4218117367065486,0.22441012833299692,0.35597562605793237,True,True,True,False,False,False,True,False,2.9234545872779107
-0.04105972622122551,0.11505606762071403,-1.308862733990682,-0.5701867118926005,0.22441012833299692,-0.8057412374245417,True,False,False,False,False,True,True,False,-0.15059259922826454
-0.04105972622122551,-0.3830646443909984,0.047278311684073836,-0.5701867118926005,-0.9293966635677897,-0.8057412374245417,True,False,False,False,False,True,True,False,-0.018110649652666528
-0.059789095538665314,-0.648267801249086,0.047278311684073836,-0.5701867118926005,0.22441012833299692,-0.8057412374245417,True,False,True,False,False,False,False,False,-0.030649007162203517
-0.07851846485610513,-0.4568603054297706,0.047278311684073836,-0.5701867118926005,-0.9293966635677897,-0.8057412374245417,True,True,True,False,True,False,False,True,-0.021599583916189862
-0.07851846485610513,-0.586002712247622,0.047278311684073836,1.4218117367065486,0.22441012833299692,1.5176924895404067,True,False,True,False,False,False,True,False,-0.027705218877355706
-0.07851846485610513,0.2441984744385654,0.047278311684073836,-0.5701867118926005,0.22441012833299692,0.35597562605793237,True,True,False,False,True,False,True,False,0.011545291587281833
-0.07851846485610513,-1.0518378225548715,-1.308862733990682,-0.5701867118926005,0.22441012833299692,-0.8057412374245417,True,True,True,False,False,True,True,False,1.376711328143975
-0.07851846485610513,-0.06482085616129324,0.047278311684073836,-0.5701867118926005,0.22441012833299692,-0.8057412374245417,True,False,True,False,False,False,True,False,-0.0030646206412221397
-0.08226433871959309,-0.29543229690745637,1.4034193573588298,1.4218117367065486,0.22441012833299692,-0.8057412374245417,True,False,True,False,False,False,True,False,-0.4146154042689054
-0.09724783417354493,-0.5306559664685429,0.047278311684073836,-0.5701867118926005,0.22441012833299692,0.35597562605793237,True,False,False,False,False,False,False,False,-0.025088518179713203
-0.09724783417354493,-0.6044516275073151,0.047278311684073836,-0.5701867118926005,0.22441012833299692,0.35597562605793237,True,False,False,False,False,True,True,False,-0.02857745244323654
-0.11597720349098475,-0.6413494580267012,0.047278311684073836,-0.5701867118926005,-0.9293966635677897,1.5176924895404067,True,False,False,False,False,False,True,False,-0.030321919574998208
-0.11597720349098475,-0.6966962038057802,0.047278311684073836,-0.5701867118926005,0.22441012833299692,-0.8057412374245417,True,False,False,False,True,False,False,False,-0.0329386202726407
-0.11597720349098475,-1.199429144632416,0.047278311684073836,-0.5701867118926005,0.22441012833299692,-0.8057412374245417,True,False,True,False,False,False,False,False,-0.05670698494289343
-0.11597720349098475,0.07815823710132792,0.047278311684073836,-0.5701867118926005,0.22441012833299692,-0.8057412374245417,True,True,True,False,False,True,True,False,0.003695189494354325
-0.11597720349098475,0.09660715236102098,0.047278311684073836,-0.5701867118926005,0.22441012833299692,1.5176924895404067,True,False,False,False,False,True,False,True,0.004567423060235159
-0.11597720349098475,-0.7520429495848594,0.047278311684073836,-0.5701867118926005,-0.9293966635677897,-0.8057412374245417,True,False,False,False,False,True,True,False,-0.03555532097028321
-0.11597720349098475,1.498724712097693,1.4034193573588298,-0.5701867118926005,2.53202371213457,2.679409353022881,True,False,False,False,False,False,False,True,2.1033392723099413
-0.11972307735447271,-0.48453367831931016,-1.308862733990682,1.4218117367065486,-0.9293966635677897,-0.8057412374245417,True,True,True,False,False,False,True,False,0.6341880749155739
-0.11972307735447271,-0.07404531379113975,1.4034193573588298,1.4218117367065486,0.22441012833299692,-0.8057412374245417,True,True,True,False,False,True,False,False,-0.10391662669619425
-0.13470657280842455,-0.7566551783997827,0.047278311684073836,-0.5701867118926005,1.3782169202337835,-0.8057412374245417,True,False,False,False,False,False,True,False,-0.03577337936175342
-0.13470657280842455,-0.7843285512893223,0.047278311684073836,-0.5701867118926005,0.22441012833299692,0.35597562605793237,True,False,True,False,False,False,True,False,-0.03708172971057467
-0.13470657280842455,2.1721101190764895,0.047278311684073836,-0.5701867118926005,-0.9293966635677897,-0.8057412374245417,True,False,False,False,False,False,True,False,0.10269369922182901
-0.13470657280842455,-0.7520429495848594,-1.308862733990682,-0.5701867118926005,0.22441012833299692,-0.8057412374245417,True,False,False,False,False,True,False,False,0.9843209910720557
-0.15343594212586437,-0.29543229690745637,1.4034193573588298,-0.5701867118926005,0.22441012833299692,1.5176924895404067,True,False,False,False,True,False,True,False,-0.4146154042689054
-0.15343594212586437,0.33874916514449227,-1.308862733990682,-0.5701867118926005,-0.9293966635677897,0.35597562605793237,True,False,False,False,True,False,False,True,-0.4433761584280812
-0.15343594212586437,-0.5306559664685429,0.047278311684073836,-0.5701867118926005,0.22441012833299692,1.5176924895404067,True,False,False,False,False,False,False,False,-0.025088518179713203
-0.15343594212586437,1.429541279873844,0.047278311684073836,-0.5701867118926005,-0.9293966635677897,-0.8057412374245417,True,False,False,False,False,False,False,False,0.06758629819512543
-0.15343594212586437,-0.5122070512088498,0.047278311684073836,-0.5701867118926005,0.22441012833299692,0.35597562605793237,True,False,False,False,False,False,True,False,-0.024216284613832368
-0.15718181598935232,0.5578300338533473,-1.308862733990682,-0.5701867118926005,-0.9293966635677897,0.35597562605793237,True,False,True,False,True,False,False,False,-0.7301229432114068
-0.15718181598935232,-0.9171607411591123,0.047278311684073836,-0.5701867118926005,0.22441012833299692,0.35597562605793237,True,False,False,False,True,False,False,False,-0.043361811384916675
-0.15718181598935232,-0.7566551783997827,0.047278311684073836,-0.5701867118926005,0.22441012833299692,-0.8057412374245417,True,False,False,False,False,False,True,False,-0.03577337936175342
-0.1721653114433042,-0.6459616868416244,-1.308862733990682,-0.5701867118926005,-0.9293966635677897,-0.8057412374245417,True,True,True,False,False,False,True,False,0.8454751794927612
-0.19089468076074398,-0.5454150986762972,0.047278311684073836,-0.5701867118926005,0.22441012833299692,-0.8057412374245417,False,False,False,False,False,False,True,False,-0.025786305032417866
-0.19089468076074398,-0.11555537312544913,-1.308862733990682,-0.5701867118926005,0.22441012833299692,-0.8057412374245417,True,False,True,False,False,False,True,False,0.15124612159628872
-0.19464055462423197,-1.0472255937399484,0.047278311684073836,-0.5701867118926005,0.22441012833299692,-0.8057412374245417,True,False,False,False,False,True,True,False,-0.04951105802437656
-0.19464055462423197,-0.12477983075529565,0.047278311684073836,-0.5701867118926005,-0.9293966635677897,1.5176924895404067,True,False,False,False,False,True,False,True,-0.0058993797303348505
-0.19464055462423197,-0.1063309154956026,0.047278311684073836,-0.5701867118926005,0.22441012833299692,0.35597562605793237,True,False,False,False,False,False,True,False,-0.005027146164454016
-0.20587817621469584,-0.09249422905083281,1.4034193573588298,-0.5701867118926005,0.22441012833299692,-0.8057412374245417,True,False,False,False,True,False,True,False,-0.1298081914939202
-0.2096240500781838,-0.5767782546177754,0.047278311684073836,-0.5701867118926005,0.22441012833299692,-0.8057412374245417,True,False,False,False,False,False,False,True,-0.027269102094415285
-0.22835341939562362,-0.30004452572237966,0.047278311684073836,1.4218117367065486,1.3782169202337835,0.35597562605793237,True,False,False,True,False,False,False,False,-0.014185598606202774
-0.22835341939562362,-1.4969179031949664,2.7595604030335856,-0.5701867118926005,0.22441012833299692,-0.8057412374245417,False,False,True,False,False,False,True,False,-4.1308353722488915
-0.22835341939562362,-0.49606425035661833,0.047278311684073836,-0.5701867118926005,-0.9293966635677897,1.5176924895404067,True,True,True,False,False,False,True,False,-0.023453080243686638
-0.22835341939562362,-0.761267407214706,1.4034193573588298,-0.5701867118926005,0.22441012833299692,1.5176924895404067,True,False,False,False,False,False,False,False,-1.0683774154114853
-0.22835341939562362,0.5993400931876567,1.4034193573588298,-0.5701867118926005,0.22441012833299692,-0.8057412374245417,True,False,False,False,False,False,True,False,0.8411254884208024
-0.2395910409860875,-0.5158968342607884,-1.308862733990682,-0.5701867118926005,-0.9293966635677897,-0.8057412374245417,True,False,True,False,False,False,False,False,0.6752381409477132
-0.2470827887130634,-0.3461668138716123,-1.308862733990682,-0.5701867118926005,-0.9293966635677897,0.35597562605793237,True,False,False,False,False,False,True,False,0.453084842420842
-0.2470827887130634,2.4027215598226523,-1.308862733990682,-0.5701867118926005,-0.9293966635677897,0.35597562605793237,True,False,False,False,False,True,True,False,-3.1448327098078326
-0.2620662841670153,-0.8073896953639386,0.047278311684073836,-0.5701867118926005,0.22441012833299692,1.5176924895404067,True,False,True,False,False,True,True,False,-0.03817202166792571
-0.26581215803050323,0.5578300338533473,-1.308862733990682,-0.5701867118926005,-0.9293966635677897,-0.8057412374245417,True,False,False,False,False,False,False,False,-0.7301229432114068
-0.26581215803050323,0.5578300338533473,-1.308862733990682,-0.5701867118926005,0.22441012833299692,-0.8057412374245417,True,False,False,False,False,False,False,True,-0.7301229432114068
-0.26581215803050323,-0.30004452572237966,-1.308862733990682,-0.5701867118926005,-0.9293966635677897,1.5176924895404067,True,False,False,False,True,False,False,False,0.3927170982559314
-0.26581215803050323,-1.3723877251920384,0.047278311684073836,-0.5701867118926005,0.22441012833299692,-0.8057412374245417,False,True,True,False,True,False,False,True,-0.06488417462302626
-0.26581215803050323,-0.36461572913130536,1.4034193573588298,-0.5701867118926005,0.22441012833299692,-0.8057412374245417,True,False,False,False,False,False,False,False,-0.5117087722603777
-0.26581215803050323,1.2081542967575274,-1.308862733990682,-0.5701867118926005,-0.9293966635677897,0.35597562605793237,True,False,False,False,False,False,False,False,-1.581308135936647
-0.284541527347943,0.691584669486122,0.047278311684073836,-0.5701867118926005,0.22441012833299692,-0.8057412374245417,True,True,False,False,False,False,True,False,0.03269695555989206
-0.284541527347943,-1.0901193217187346,0.047278311684073836,-0.5701867118926005,-0.9293966635677897,-0.8057412374245417,True,False,True,False,False,True,False,False,-0.051539001065049495
-0.30327089666538287,0.16117835576994666,0.047278311684073836,-0.5701867118926005,0.22441012833299692,-0.8057412374245417,True,False,False,False,True,False,False,True,0.007620240540818078
-0.30327089666538287,-0.05098416971652344,0.047278311684073836,-0.5701867118926005,0.22441012833299692,-0.8057412374245417,True,False,True,False,True,False,False,True,-0.0024104454668115137
-0.30327089666538287,0.32260636429226086,-1.308862733990682,-0.5701867118926005,-0.9293966635677897,1.5176924895404067,True,True,True,False,False,False,True,False,-0.42224744797036246
-0.30327089666538287,-1.1717557717428764,1.4034193573588298,3.4138101853056977,0.22441012833299692,-0.8057412374245417,False,False,False,False,False,False,True,False,-1.6444647321608872
-0.30327089666538287,-1.0135563233910085,0.047278311684073836,-0.5701867118926005,0.22441012833299692,-0.8057412374245417,True,False,True,False,True,False,False,True,-0.04791923176664404
-0.30327089666538287,-1.1085682369784278,1.4034193573588298,1.4218117367065486,0.22441012833299692,-0.8057412374245417,False,False,False,False,False,False,True,False,-1.555786122728676
-0.30327089666538287,-0.341554585056689,-1.308862733990682,-0.5701867118926005,-0.9293966635677897,0.35597562605793237,False,False,False,False,False,False,False,True,0.44704806800435093
-0.30327089666538287,-0.5306559664685429,1.4034193573588298,1.4218117367065486,0.22441012833299692,-0.8057412374245417,False,False,False,False,False,False,True,False,-0.7447328554399112
-0.30327089666538287,-1.3032042929681893,0.047278311684073836,-0.5701867118926005,0.22441012833299692,-0.8057412374245417,False,False,False,False,False,False,True,False,-0.06161329875097313
-0.30327089666538287,-0.253922237573147,0.047278311684073836,1.4218117367065486,0.22441012833299692,0.35597562605793237,True,False,False,False,True,False,True,False,-0.01200501469150069
-0.30327089666538287,-0.6966962038057802,0.047278311684073836,1.4218117367065486,0.22441012833299692,-0.8057412374245417,True,False,True,False,False,False,False,True,-0.0329386202726407
-0.30327089666538287,0.29954522021764457,0.047278311684073836,-0.5701867118926005,-0.9293966635677897,1.5176924895404067,True,False,False,True,False,False,True,False,0.014161992284924336
-0.30327089666538287,0.8530126780084362,0.047278311684073836,-0.5701867118926005,-0.9293966635677897,2.679409353022881,True,False,False,False,False,False,False,False,0.04032899926134936
-0.30327089666538287,-0.49421935883064905,0.047278311684073836,-0.5701867118926005,1.3782169202337835,-0.8057412374245417,True,False,False,False,False,False,True,False,-0.023365856887098555
-0.30327089666538287,-0.7520429495848594,0.047278311684073836,-0.5701867118926005,0.22441012833299692,-0.8057412374245417,True,False,False,False,False,True,True,False,-0.03555532097028321
-0.30327089666538287,-1.386224411636808,0.047278311684073836,-0.5701867118926005,1.3782169202337835,0.35597562605793237,True,False,False,False,False,True,False,True,-0.06553834979743688
-0.30327089666538287,-0.30004452572237966,0.047278311684073836,-0.5701867118926005,-0.9293966635677897,-0.8057412374245417,True,False,True,False,False,False,False,False,-0.014185598606202774
-0.30701677052887083,1.429541279873844,0.047278311684073836,-0.5701867118926005,-0.9293966635677897,2.679409353022881,True,False,True,False,False,False,True,False,0.06758629819512543
-0.30701677052887083,-0.7843285512893223,0.047278311684073836,-0.5701867118926005,0.22441012833299692,0.35597562605793237,True,False,False,False,False,False,True,False,-0.03708172971057467
-0.32200026598282266,-0.1432287460149887,0.047278311684073836,-0.5701867118926005,0.22441012833299692,0.35597562605793237,True,False,False,False,False,False,True,False,-0.006771613296215684
-0.32200026598282266,-0.4937581359491567,0.047278311684073836,-0.5701867118926005,0.22441012833299692,1.5176924895404067,True,False,False,False,False,False,True,False,-0.023344051047951533
-0.32200026598282266,-0.5094397139198958,0.047278311684073836,-0.5701867118926005,0.22441012833299692,0.35597562605793237,True,False,True,False,False,False,True,False,-0.024085449578950244
-0.34072963530026246,-0.2391631053653926,1.4034193573588298,-0.5701867118926005,0.22441012833299692,-0.8057412374245417,True,False,False,False,True,False,True,False,-0.3356461316358414
-0.34072963530026246,0.3848714532937249,0.047278311684073836,-0.5701867118926005,-0.9293966635677897,-0.8057412374245417,True,False,True,False,False,False,True,False,0.018196072527123193
-0.3444755091637504,0.4194631694056494,-1.308862733990682,-0.5701867118926005,-0.9293966635677897,0.35597562605793237,True,False,True,False,False,False,True,False,-0.5490197107166749
-0.3575860676859583,-0.7151451190654733,0.047278311684073836,-0.5701867118926005,-0.9293966635677897,-0.8057412374245417,True,False,True,False,True,True,False,False,-0.03381085383852154
-0.3594590046177023,-0.6782472885460872,0.047278311684073836,1.4218117367065486,0.22441012833299692,-0.8057412374245417,True,False,False,False,False,False,True,False,-0.032066386706759875
-0.3594590046177023,-0.5122070512088498,-1.308862733990682,-0.5701867118926005,0.22441012833299692,0.35597562605793237,True,False,False,False,False,False,True,False,0.6704087214145203
-0.3594590046177023,0.2073006439191793,-1.308862733990682,-0.5701867118926005,-0.9293966635677897,-0.8057412374245417,True,False,False,False,True,False,True,False,-0.27132808755808585
-0.3781883739351421,0.3456675083668772,1.4034193573588298,1.4218117367065486,0.22441012833299692,0.35597562605793237,False,False,True,False,False,False,False,True,0.48511647245207073
-0.3781883739351421,-0.07312286802815511,0.047278311684073836,1.4218117367065486,0.22441012833299692,1.5176924895404067,True,False,False,False,False,False,False,True,-0.003457125745868515
-0.3781883739351421,-0.3738401867611519,0.047278311684073836,-0.5701867118926005,-0.9293966635677897,-0.8057412374245417,True,False,False,False,False,False,True,False,-0.01767453286972611
-0.3781883739351421,-0.9918788479608691,1.4034193573588298,-0.5701867118926005,1.3782169202337835,1.5176924895404067,True,False,True,False,True,False,True,False,-1.3920219753830594
-0.3781883739351421,-0.3830646443909984,0.047278311684073836,-0.5701867118926005,0.22441012833299692,1.5176924895404067,True,False,False,False,False,True,False,False,-0.018110649652666528
-0.3969177432525819,-0.7013084326207035,0.047278311684073836,1.4218117367065486,0.22441012833299692,1.5176924895404067,True,False,False,True,False,False,True,False,-0.033156678664110914
-0.3969177432525819,-0.779716322474399,0.047278311684073836,1.4218117367065486,-0.9293966635677897,0.35597562605793237,True,False,True,False,True,False,False,False,-0.036863671319104466
-0.3969177432525819,0.11505606762071403,0.047278311684073836,-0.5701867118926005,-0.9293966635677897,2.679409353022881,True,False,False,False,False,False,True,False,0.005439656626115993
-0.4062824279113018,-0.30004452572237966,0.047278311684073836,-0.5701867118926005,0.22441012833299692,-0.8057412374245417,False,False,True,False,True,False,True,False,-0.014185598606202774
-0.4062824279113018,-0.779716322474399,1.4034193573588298,-0.5701867118926005,0.22441012833299692,-0.8057412374245417,True,False,False,False,True,False,True,False,-1.0942689802092112
-0.41564711257002174,-0.48453367831931016,1.4034193573588298,-0.5701867118926005,-0.9293966635677897,-0.8057412374245417,False,False,True,False,False,False,False,True,-0.6800039434455962
-0.41564711257002174,0.6131767796324264,0.047278311684073836,-0.5701867118926005,0.22441012833299692,0.35597562605793237,False,False,False,False,True,False,True,False,0.028989962904898515
-0.41564711257002174,-0.30004452572237966,0.047278311684073836,1.4218117367065486,0.22441012833299692,-0.8057412374245417,False,False,True,False,True,False,True,False,-0.014185598606202774
-0.41564711257002174,-0.5491048817282359,0.047278311684073836,-0.5701867118926005,0.22441012833299692,-0.8057412374245417,True,False,False,False,False,False,False,False,-0.02596075174559404
-0.41564711257002174,-0.5075948223939265,-1.308862733990682,-0.5701867118926005,0.22441012833299692,-0.8057412374245417,True,True,True,False,False,True,False,True,0.6643719469980293
-0.4531058512049013,0.972930627196441,0.047278311684073836,1.4218117367065486,-0.9293966635677897,2.679409353022881,True,True,True,False,False,False,False,False,0.04599851743957478
-0.4531058512049013,0.16117835576994666,1.4034193573588298,-0.5701867118926005,0.22441012833299692,-0.8057412374245417,True,True,True,False,False,False,True,False,0.22620082447481138
-0.4531058512049013,-0.9918788479608691,0.047278311684073836,-0.5701867118926005,0.22441012833299692,-0.8057412374245417,True,False,False,False,False,False,True,False,-0.046894357326734054
-0.4531058512049013,-0.8581242123280945,-1.308862733990682,-0.5701867118926005,-0.9293966635677897,0.35597562605793237,True,False,False,True,False,False,False,False,1.1231668026513504
-0.4531058512049013,-0.6155209766631309,-1.308862733990682,-0.5701867118926005,-0.9293966635677897,1.5176924895404067,True,False,True,False,True,False,False,False,0.8056324683439202
-0.4531058512049013,1.3511333900201485,0.047278311684073836,-0.5701867118926005,-0.9293966635677897,1.5176924895404067,True,False,False,False,True,False,True,False,0.06387930554013188
-0.4531058512049013,-1.386224411636808,1.4034193573588298,1.4218117367065486,-0.9293966635677897,-0.8057412374245417,True,False,True,False,False,True,False,True,-1.9454541729344512
-0.47183522052234117,-0.6321250003968546,-1.308862733990682,-0.5701867118926005,0.22441012833299692,-0.8057412374245417,True,True,True,False,False,False,True,False,0.827364856243288
-0.47183522052234117,-0.9088587292922504,1.4034193573588298,1.4218117367065486,0.22441012833299692,-0.8057412374245417,True,False,False,False,False,False,False,False,-1.2755099337932927
-0.49056458983978096,0.0689337794714814,2.7595604030335856,1.4218117367065486,0.22441012833299692,-0.8057412374245417,True,False,False,False,False,False,True,False,0.1902269282609495
-0.49056458983978096,-0.9088587292922504,-1.308862733990682,1.4218117367065486,-0.9293966635677897,1.5176924895404067,True,False,True,False,False,False,True,False,1.189571321232752
-0.49056458983978096,0.9231185559952697,0.047278311684073836,-0.5701867118926005,0.22441012833299692,-0.8057412374245417,True,False,False,False,True,False,False,False,0.043643486811696525
-0.49056458983978096,-0.4937581359491567,-1.308862733990682,-0.5701867118926005,-0.9293966635677897,-0.8057412374245417,True,False,False,False,False,False,True,False,0.646261623748556
-0.49056458983978096,-0.5998393986923918,-1.308862733990682,-0.5701867118926005,-0.9293966635677897,-0.8057412374245417,True,False,False,False,False,False,True,False,0.7851074353278507
-0.49056458983978096,-1.4461833862308104,0.047278311684073836,-0.5701867118926005,0.22441012833299692,-0.8057412374245417,True,False,True,False,False,True,True,False,-0.06837310888654959
-0.49056458983978096,-1.371926502310546,-1.308862733990682,-0.5701867118926005,0.22441012833299692,-0.8057412374245417,True,True,False,False,False,True,True,False,1.795663472648455
-0.4980563375667569,-0.8304508394385549,0.047278311684073836,-0.5701867118926005,0.22441012833299692,-0.8057412374245417,True,False,False,False,False,False,False,True,-0.039262313625276754
-0.5092939591572208,-0.9226954157370202,-1.308862733990682,1.4218117367065486,-0.9293966635677897,-0.8057412374245417,False,False,True,False,False,False,True,False,1.2076816444822251
-0.5280233284746606,-0.15245320364483522,0.047278311684073836,-0.5701867118926005,0.22441012833299692,-0.8057412374245417,True,False,False,False,False,False,True,False,-0.007207730079156101
-0.5280233284746606,-0.7981652377340921,-1.308862733990682,-0.5701867118926005,0.22441012833299692,0.35597562605793237,True,False,False,True,False,False,True,False,1.0446887352369665
-0.5280233284746606,-0.7151451190654733,-1.308862733990682,-0.5701867118926005,-0.9293966635677897,-0.8057412374245417,True,False,False,False,False,False,True,False,0.9360267957401271
-0.5280233284746606,0.31338190666241433,-1.308862733990682,-0.5701867118926005,-0.9293966635677897,1.5176924895404067,True,False,False,False,False,False,False,True,-0.41017389913738034
-0.5280233284746606,-1.0582949428957642,0.047278311684073836,-0.5701867118926005,1.3782169202337835,-0.8057412374245417,True,False,False,False,False,True,False,False,-0.050034398163905064
-0.5280233284746606,1.498724712097693,-1.308862733990682,-0.5701867118926005,-0.9293966635677897,0.35597562605793237,True,False,False,False,False,False,False,False,-1.961624924175584
-0.5317692023381485,1.429541279873844,0.047278311684073836,-0.5701867118926005,-0.9293966635677897,1.5176924895404067,True,False,False,False,False,False,False,False,0.06758629819512543
-0.5317692023381485,-1.2132658310771858,2.7595604030335856,1.4218117367065486,-0.9293966635677897,0.35597562605793237,False,False,True,False,True,False,False,False,-3.348080345794237
-0.5317692023381485,0.8207270763039733,1.4034193573588298,-0.5701867118926005,0.22441012833299692,0.35597562605793237,False,False,False,False,False,False,False,False,1.1518242659935136
-0.5467526977921005,-0.7704918648445525,-1.308862733990682,-0.5701867118926005,-0.9293966635677897,-0.8057412374245417,True,False,False,False,False,True,True,False,1.00846808873802
-0.5654820671095402,-0.7151451190654733,0.047278311684073836,-0.5701867118926005,-0.9293966635677897,0.35597562605793237,True,False,False,False,False,False,False,True,-0.03381085383852154
-0.5654820671095402,-0.5122070512088498,-1.308862733990682,-0.5701867118926005,-0.9293966635677897,-0.8057412374245417,True,False,False,False,False,False,True,False,0.6704087214145203
-0.5654820671095402,0.4010142541459564,0.047278311684073836,-0.5701867118926005,-0.9293966635677897,-0.8057412374245417,True,False,False,False,False,False,True,False,0.018959276897268923
-0.5654820671095402,-0.5075948223939265,-1.308862733990682,-0.5701867118926005,-0.9293966635677897,-0.8057412374245417,True,False,False,False,False,False,False,False,0.6643719469980293
-0.5654820671095402,-0.7225246851693505,-1.308862733990682,-0.5701867118926005,-0.9293966635677897,-0.8057412374245417,True,False,False,True,False,False,True,False,0.9456856348065129
-0.5692279409730282,-0.93653210218179,0.047278311684073836,-0.5701867118926005,0.22441012833299692,-0.8057412374245417,False,False,True,True,False,False,True,False,-0.04427765662909155
-0.5692279409730282,0.13811721169533034,-1.308862733990682,-0.5701867118926005,-0.9293966635677897,-0.8057412374245417,True,False,False,False,False,False,False,False,-0.18077647131071986
-0.58421143642698,-0.7013084326207035,-1.308862733990682,-0.5701867118926005,-0.9293966635677897,-0.8057412374245417,True,False,True,False,False,False,False,False,0.917916472490654
-0.58421143642698,-0.7013084326207035,-1.308862733990682,-0.5701867118926005,-0.9293966635677897,-0.8057412374245417,True,False,False,False,True,False,False,True,0.917916472490654
-0.58421143642698,0.22574955917887235,-1.308862733990682,-0.5701867118926005,-0.9293966635677897,-0.8057412374245417,False,False,False,False,False,False,True,False,-0.29547518522405014
-0.58421143642698,-0.7151451190654733,-1.308862733990682,-0.5701867118926005,-0.9293966635677897,-0.8057412374245417,True,False,False,False,False,False,False,False,0.9360267957401271
-0.6029408057444199,-0.40151355965069147,-1.308862733990682,-0.5701867118926005,-0.9293966635677897,1.5176924895404067,True,False,False,False,True,False,True,False,0.5255261354187348
-0.6029408057444199,-0.7289818055102432,0.047278311684073836,-0.5701867118926005,0.22441012833299692,-0.8057412374245417,True,False,True,False,False,False,True,False,-0.03446502901293217
-0.6029408057444199,-0.9088587292922504,0.047278311684073836,-0.5701867118926005,0.22441012833299692,-0.8057412374245417,False,False,True,False,False,False,True,False,-0.042969306280270306
-0.6029408057444199,-0.9918788479608691,-1.308862733990682,-0.5701867118926005,0.22441012833299692,-0.8057412374245417,True,False,False,False,True,False,False,False,1.2982332607295912
-0.6029408057444199,-0.7520429495848594,-1.308862733990682,1.4218117367065486,-0.9293966635677897,-0.8057412374245417,True,False,True,False,False,False,True,False,0.9843209910720557
-0.6029408057444199,0.3733408812564168,0.047278311684073836,-0.5701867118926005,0.22441012833299692,-0.8057412374245417,True,True,True,False,False,False,False,True,0.017650926548447674
-0.6029408057444199,-0.4706969918745404,0.047278311684073836,1.4218117367065486,0.22441012833299692,1.5176924895404067,True,False,False,False,False,False,True,False,-0.02225375909060049
-0.6029408057444199,-1.061062280184718,0.047278311684073836,1.4218117367065486,0.22441012833299692,-0.8057412374245417,False,False,True,False,False,True,False,True,-0.05016523319878718
-0.6029408057444199,-1.3262654370428058,0.047278311684073836,-0.5701867118926005,1.3782169202337835,-0.8057412374245417,True,False,False,True,True,True,True,False,-0.06270359070832418
-0.6066866796079078,-0.7520429495848594,0.047278311684073836,-0.5701867118926005,-0.9293966635677897,1.5176924895404067,True,False,False,False,False,True,False,True,-0.03555532097028321
-0.6216701750618596,-0.30004452572237966,-1.308862733990682,-0.5701867118926005,-0.9293966635677897,-0.8057412374245417,True,False,False,False,False,False,True,False,0.3927170982559314
-0.6216701750618596,-0.5306559664685429,-1.308862733990682,-0.5701867118926005,-0.9293966635677897,-0.8057412374245417,True,False,False,False,False,True,True,False,0.6945558190804847
-0.6403995443792995,-0.9226954157370202,0.047278311684073836,-0.5701867118926005,0.22441012833299692,-0.8057412374245417,True,False,True,False,False,False,False,False,-0.043623481454680924
-0.6403995443792995,-0.30004452572237966,1.4034193573588298,1.4218117367065486,0.22441012833299692,1.5176924895404067,True,False,True,False,False,False,False,False,-0.4210882954683369
-0.6403995443792995,-0.30004452572237966,-1.308862733990682,-0.5701867118926005,-0.9293966635677897,-0.8057412374245417,False,False,False,False,False,False,False,False,0.3927170982559314
-0.6403995443792995,-0.6966962038057802,-1.308862733990682,-0.5701867118926005,-0.9293966635677897,-0.8057412374245417,True,False,False,False,False,False,False,True,0.9118796980741629
-0.6591289136967393,-0.5998393986923918,0.047278311684073836,-0.5701867118926005,-0.9293966635677897,1.5176924895404067,True,False,False,False,False,False,False,True,-0.02835939405176633
-0.677858283014179,-0.4199624749103845,0.047278311684073836,-0.5701867118926005,0.22441012833299692,-0.8057412374245417,True,False,False,False,True,False,True,False,-0.0198551167844282
-0.677858283014179,-0.692083974990857,0.047278311684073836,-0.5701867118926005,0.22441012833299692,-0.8057412374245417,True,False,False,False,False,False,False,True,-0.0327205618811705
-0.677858283014179,-0.253922237573147,1.4034193573588298,-0.5701867118926005,0.22441012833299692,-0.8057412374245417,True,False,False,False,False,False,True,False,-0.35635938347402213
-0.677858283014179,-1.3908366404517314,0.047278311684073836,1.4218117367065486,0.22441012833299692,-0.8057412374245417,False,False,False,False,False,False,False,True,-0.06575640818890709
-0.677858283014179,-0.9752748242271454,0.047278311684073836,-0.5701867118926005,0.22441012833299692,-0.8057412374245417,True,False,True,False,False,False,True,False,-0.0461093471174413
-0.677858283014179,-0.535268195283466,0.047278311684073836,-0.5701867118926005,0.22441012833299692,-0.8057412374245417,True,False,False,False,False,False,True,False,-0.025306576571183407
-0.677858283014179,1.0485711797611825,0.047278311684073836,-0.5701867118926005,-0.9293966635677897,-0.8057412374245417,False,False,False,False,False,False,False,True,0.0495746750596862
-0.677858283014179,-0.7704918648445525,0.047278311684073836,-0.5701867118926005,-0.9293966635677897,-0.8057412374245417,False,False,False,False,True,False,False,True,-0.036427554536164045
-0.677858283014179,-0.7151451190654733,4.115701448708341,-0.5701867118926005,0.22441012833299692,0.35597562605793237,True,False,False,False,False,False,False,True,-2.9433238025744677
-0.677858283014179,-0.6966962038057802,-1.308862733990682,-0.5701867118926005,-0.9293966635677897,0.35597562605793237,True,False,False,False,False,False,True,False,0.9118796980741629
-0.677858283014179,0.3456675083668772,-1.308862733990682,-0.5701867118926005,-0.9293966635677897,0.35597562605793237,True,False,False,False,False,False,False,False,-0.45243132005281783
-0.677858283014179,-0.93653210218179,0.047278311684073836,-0.5701867118926005,0.22441012833299692,0.35597562605793237,True,False,False,False,False,False,False,True,-0.04427765662909155
-0.677858283014179,1.0144406865307503,-1.308862733990682,-0.5701867118926005,-0.9293966635677897,0.35597562605793237,True,False,False,False,False,False,True,False,-1.3277636104440222
-0.677858283014179,-0.7557327326367981,-1.308862733990682,-0.5701867118926005,-0.9293966635677897,0.35597562605793237,True,False,False,False,False,True,False,True,0.9891504106052487
-0.677858283014179,2.006069881739252,0.047278311684073836,-0.5701867118926005,0.22441012833299692,2.679409353022881,True,False,False,False,False,True,False,True,0.09484359712890149
-0.677858283014179,0.3364430507370307,-1.308862733990682,-0.5701867118926005,-0.9293966635677897,-0.8057412374245417,True,False,False,False,False,False,False,True,-0.4403577712198357
-0.677858283014179,3.5945214855988237,0.047278311684073836,-0.5701867118926005,-0.9293966635677897,-0.8057412374245417,True,False,False,False,False,False,False,True,0.1699429071512413
-0.6816041568776671,-0.11555537312544913,0.047278311684073836,-0.5701867118926005,0.22441012833299692,-0.8057412374245417,False,False,False,False,False,False,False,True,-0.005463262947394433
-0.6965876523316189,-0.9642054750713296,0.047278311684073836,-0.5701867118926005,-0.9293966635677897,-0.8057412374245417,True,False,False,False,False,False,False,True,-0.045586006977912805
-0.6965876523316189,0.07815823710132792,-1.308862733990682,-0.5701867118926005,-0.9293966635677897,0.35597562605793237,True,False,False,False,False,True,False,True,-0.10229840389633602
-0.6965876523316189,-1.386224411636808,0.047278311684073836,-0.5701867118926005,1.3782169202337835,-0.8057412374245417,True,False,False,False,False,True,False,False,-0.06553834979743688
-0.7153170216490587,-0.5306559664685429,-1.308862733990682,-0.5701867118926005,-0.9293966635677897,-0.8057412374245417,True,False,False,False,False,False,False,True,0.6945558190804847
-0.7153170216490587,-0.9065526148847888,-1.308862733990682,-0.5701867118926005,-0.9293966635677897,1.5176924895404067,True,False,False,False,False,False,False,True,1.1865529340245065
-0.7153170216490587,-0.5998393986923918,0.047278311684073836,-0.5701867118926005,-0.9293966635677897,-0.8057412374245417,True,False,False,False,False,False,False,True,-0.02835939405176633
-0.7153170216490587,-1.386224411636808,0.047278311684073836,-0.5701867118926005,1.3782169202337835,-0.8057412374245417,True,False,False,False,False,True,False,False,-0.06553834979743688
-0.7153170216490587,-1.1717557717428764,0.047278311684073836,-0.5701867118926005,0.22441012833299692,-0.8057412374245417,True,False,True,False,False,True,False,True,-0.05539863459407219
-0.7153170216490587,-1.4761628735278118,0.047278311684073836,1.4218117367065486,0.22441012833299692,-0.8057412374245417,True,False,True,False,False,True,False,True,-0.06979048843110595
-0.7190628955125467,-0.5122070512088498,-1.308862733990682,-0.5701867118926005,-0.9293966635677897,-0.8057412374245417,True,False,False,False,False,False,False,True,0.6704087214145203
-0.7340463909664985,-0.16859600449706666,0.047278311684073836,-0.5701867118926005,0.22441012833299692,0.35597562605793237,True,True,True,False,True,False,False,False,-0.00797093444930183
-0.7340463909664985,-0.7843285512893223,0.047278311684073836,-0.5701867118926005,-0.9293966635677897,1.5176924895404067,True,False,True,False,False,False,False,True,-0.03708172971057467
-0.7340463909664985,-0.6966962038057802,-1.308862733990682,-0.5701867118926005,-0.9293966635677897,-0.8057412374245417,True,False,False,False,False,False,False,False,0.9118796980741629
-0.7527757602839383,-0.761267407214706,1.4034193573588298,-0.5701867118926005,0.22441012833299692,1.5176924895404067,True,False,False,False,True,False,False,True,-1.0683774154114853
-0.7527757602839383,-0.08788200023590954,1.4034193573588298,-0.5701867118926005,1.3782169202337835,-0.8057412374245417,False,False,False,False,False,False,True,False,-0.1233353002944887
-0.7527757602839383,-0.47530922068946363,-1.308862733990682,-0.5701867118926005,0.22441012833299692,-0.8057412374245417,True,False,False,False,False,False,False,True,0.6221145260825918
-0.7527757602839383,-0.18473880534929807,-1.308862733990682,-0.5701867118926005,-0.9293966635677897,-0.8057412374245417,True,False,False,False,False,False,False,True,0.2417977378436547
-0.7527757602839383,-0.6597983732863942,-1.308862733990682,-0.5701867118926005,-0.9293966635677897,-0.8057412374245417,False,False,False,False,True,False,False,True,0.8635855027422346
-0.7527757602839383,-0.6459616868416244,0.047278311684073836,-0.5701867118926005,-0.9293966635677897,-0.8057412374245417,True,False,False,False,False,False,False,True,-0.03053997796646841
-0.7527757602839383,-0.9457565598116365,0.047278311684073836,-0.5701867118926005,0.22441012833299692,-0.8057412374245417,False,False,True,False,False,False,True,False,-0.04471377341203197
-0.7527757602839383,-0.9065526148847888,-1.308862733990682,-0.5701867118926005,-0.9293966635677897,1.5176924895404067,True,False,True,False,False,False,False,False,1.1865529340245065
-0.7565216341474262,-1.130245712408567,0.047278311684073836,-0.5701867118926005,-0.9293966635677897,-0.8057412374245417,False,False,False,False,False,False,False,False,-0.05343610907084031
-0.7677592557378902,-1.386224411636808,0.047278311684073836,-0.5701867118926005,0.22441012833299692,-0.8057412374245417,True,False,True,False,False,True,False,False,-0.06553834979743688
-0.7715051296013782,-0.5122070512088498,-1.308862733990682,-0.5701867118926005,-0.9293966635677897,0.35597562605793237,True,False,False,False,False,False,False,True,0.6704087214145203
-0.7715051296013782,-0.17320823331198992,1.4034193573588298,-0.5701867118926005,0.22441012833299692,-0.8057412374245417,True,False,False,False,False,False,False,True,-0.24308378748397116
-0.7902344989188179,-1.2224902887070324,-1.308862733990682,-0.5701867118926005,-0.9293966635677897,-0.8057412374245417,False,False,False,False,True,False,False,True,1.6000719815541444
-0.7902344989188179,-0.9088587292922504,1.4034193573588298,-0.5701867118926005,0.22441012833299692,-0.8057412374245417,True,False,True,False,True,False,False,True,-1.2755099337932927
-0.7902344989188179,0.4194631694056494,0.047278311684073836,-0.5701867118926005,-0.9293966635677897,-0.8057412374245417,True,True,True,False,False,False,False,False,0.019831510463149758
-0.7902344989188179,-0.7704918648445525,1.4034193573588298,-0.5701867118926005,0.22441012833299692,0.35597562605793237,False,False,False,False,False,False,True,False,-1.0813231978103481
-0.7902344989188179,-0.6265903258189467,1.4034193573588298,-0.5701867118926005,0.22441012833299692,-0.8057412374245417,True,False,False,False,False,False,True,False,-0.879368992388086
-0.7902344989188179,-0.5122070512088498,-1.308862733990682,-0.5701867118926005,-0.9293966635677897,-0.8057412374245417,True,False,False,False,False,False,False,True,0.6704087214145203
-0.7902344989188179,-1.386224411636808,0.047278311684073836,-0.5701867118926005,0.22441012833299692,-0.8057412374245417,True,False,True,False,False,True,False,False,-0.06553834979743688
-0.7902344989188179,0.3364430507370307,0.047278311684073836,-0.5701867118926005,-0.9293966635677897,0.35597562605793237,True,False,False,False,False,False,False,True,0.015906459416686003
-0.8089638682362578,-0.30004452572237966,-1.308862733990682,-0.5701867118926005,-0.9293966635677897,-0.8057412374245417,False,False,False,False,False,False,True,False,0.3927170982559314
-0.8089638682362578,-0.5629415681730057,-1.308862733990682,-0.5701867118926005,-0.9293966635677897,-0.8057412374245417,False,False,False,False,False,False,False,True,0.7368132399959221
-0.8202014898267216,-0.6966962038057802,1.4034193573588298,-0.5701867118926005,0.22441012833299692,-0.8057412374245417,True,False,True,False,False,False,False,True,-0.9777569386194445
-0.8276932375536976,-0.36000350031638206,0.047278311684073836,-0.5701867118926005,0.22441012833299692,-0.8057412374245417,True,False,False,False,False,False,False,True,-0.017020357695315486
-0.8276932375536976,-1.1376252785124443,-1.308862733990682,-0.5701867118926005,-0.9293966635677897,0.35597562605793237,True,False,False,False,True,False,False,True,1.488995332290709
-0.8276932375536976,-0.3830646443909984,0.047278311684073836,-0.5701867118926005,-0.9293966635677897,0.35597562605793237,False,False,False,False,False,False,False,True,-0.018110649652666528
-0.8276932375536976,-0.93653210218179,0.047278311684073836,-0.5701867118926005,0.22441012833299692,-0.8057412374245417,False,False,False,False,False,False,False,False,-0.04427765662909155
-0.8651519761885772,-0.7843285512893223,-2.665003779665438,-0.5701867118926005,-0.9293966635677897,-0.8057412374245417,True,False,False,False,False,False,False,False,2.090238553685561
-0.8651519761885772,-0.5371130868094354,-1.308862733990682,1.4218117367065486,-0.9293966635677897,0.35597562605793237,False,True,True,False,False,False,False,True,0.7030073032635721
-0.8651519761885772,-0.761267407214706,-1.308862733990682,-0.5701867118926005,-0.9293966635677897,-0.8057412374245417,False,False,True,False,False,False,True,False,0.9963945399050379
-0.8651519761885772,-0.4868397927267718,-1.308862733990682,-0.5701867118926005,-0.9293966635677897,1.5176924895404067,True,False,False,False,False,False,True,False,0.6372064621238195
-0.8651519761885772,-1.6145297379755097,0.047278311684073836,-0.5701867118926005,0.22441012833299692,-0.8057412374245417,False,False,True,False,False,False,False,True,-0.0763322401752122
-0.8651519761885772,-0.7843285512893223,0.047278311684073836,-0.5701867118926005,0.22441012833299692,-0.8057412374245417,True,False,True,False,False,False,True,False,-0.03708172971057467
-0.8651519761885772,0.7377069576353545,-1.308862733990682,-0.5701867118926005,-0.9293966635677897,-0.8057412374245417,True,False,False,False,False,False,True,False,-0.9655571454545584
-0.8651519761885772,1.7754584409930887,0.047278311684073836,-0.5701867118926005,0.22441012833299692,1.5176924895404067,True,False,False,False,False,False,True,False,0.08394067755539106
-0.8651519761885772,-0.9600544691378986,-1.308862733990682,-0.5701867118926005,-0.9293966635677897,0.35597562605793237,True,False,False,False,False,False,False,True,1.2565795172558027
-0.8688978500520651,-0.30004452572237966,0.047278311684073836,-0.5701867118926005,0.22441012833299692,-0.8057412374245417,True,False,False,False,True,False,False,True,-0.014185598606202774
-0.876389597779041,0.15887224136248504,0.047278311684073836,-0.5701867118926005,-0.9293966635677897,-0.8057412374245417,True,False,True,False,False,False,False,True,0.007511211345082975
-0.8818211148810986,-1.2695350226192497,0.047278311684073836,-0.5701867118926005,-0.9293966635677897,-0.8057412374245417,True,False,False,False,False,True,True,False,-0.060021472493240614
-0.883881345506017,-0.9918788479608691,0.047278311684073836,-0.5701867118926005,-0.9293966635677897,-0.8057412374245417,False,False,False,False,True,False,False,True,-0.046894357326734054
-0.883881345506017,-0.5998393986923918,0.047278311684073836,-0.5701867118926005,0.22441012833299692,-0.8057412374245417,True,False,False,False,False,False,False,True,-0.02835939405176633
-0.883881345506017,-0.761267407214706,-1.308862733990682,-0.5701867118926005,-0.9293966635677897,-0.8057412374245417,True,False,False,False,False,False,False,True,0.9963945399050379
-0.8988648409599689,1.3603578476499951,-1.308862733990682,-0.5701867118926005,-0.9293966635677897,0.35597562605793237,True,False,False,False,False,False,False,True,-1.7805216916808522
-0.9026107148234568,-0.08788200023590954,-1.308862733990682,-0.5701867118926005,-0.9293966635677897,-0.8057412374245417,True,False,True,False,True,False,False,True,0.11502547509734233
-0.9026107148234568,-1.3793060684144232,0.047278311684073836,-0.5701867118926005,0.22441012833299692,-0.8057412374245417,False,False,True,False,False,False,True,False,-0.06521126221023157
-0.9026107148234568,-0.9503687886265597,-1.308862733990682,-0.5701867118926005,-0.9293966635677897,-0.8057412374245417,True,True,True,False,False,False,False,True,1.2439022909811714
-0.9026107148234568,-0.30004452572237966,-1.308862733990682,-0.5701867118926005,0.22441012833299692,0.35597562605793237,True,False,False,True,False,False,True,False,0.3927170982559314
-0.9213400841408966,-0.6229005427670081,-1.308862733990682,-0.5701867118926005,-0.9293966635677897,-0.8057412374245417,True,False,False,False,False,False,False,True,0.815291307410306
-0.9400694534583365,-0.9503687886265597,0.047278311684073836,-0.5701867118926005,0.22441012833299692,-0.8057412374245417,False,False,False,False,False,False,True,False,-0.04493183180350217
-0.9400694534583365,-0.8811853564027108,0.047278311684073836,-0.5701867118926005,0.22441012833299692,1.5176924895404067,True,False,False,False,False,False,True,False,-0.04166095593144905
-0.9400694534583365,-1.067980623407103,-1.308862733990682,-0.5701867118926005,-0.9293966635677897,-0.8057412374245417,True,False,False,False,False,False,True,False,1.3978400386016938
-0.9400694534583365,-0.253922237573147,-1.308862733990682,-0.5701867118926005,-0.9293966635677897,-0.8057412374245417,True,False,False,False,False,False,False,False,0.3323493540910207
-0.9400694534583365,-0.0343801459827997,0.047278311684073836,-0.5701867118926005,-0.9293966635677897,-0.8057412374245417,False,False,False,False,False,False,False,True,-0.001625435257518763
-0.9400694534583365,-0.6459616868416244,0.047278311684073836,-0.5701867118926005,0.22441012833299692,-0.8057412374245417,True,False,False,False,False,False,False,True,-0.03053997796646841
-0.9400694534583365,-0.7013084326207035,1.4034193573588298,-0.5701867118926005,0.22441012833299692,2.679409353022881,True,False,False,False,False,False,True,False,-0.984229829818876
-0.9438153273218244,1.3372967035753787,-1.308862733990682,-0.5701867118926005,-0.9293966635677897,-0.8057412374245417,True,False,False,False,False,False,False,True,-1.7503378195983967
-0.9587988227757762,-0.368305512183244,1.4034193573588298,-0.5701867118926005,0.22441012833299692,0.35597562605793237,False,False,False,False,False,False,False,True,-0.5168870852199229
-0.9662905705027521,-0.9918788479608691,-1.308862733990682,-0.5701867118926005,0.22441012833299692,-0.8057412374245417,True,False,False,False,False,False,True,False,1.2982332607295912
-0.9775281920932161,0.32260636429226086,0.047278311684073836,-0.5701867118926005,0.22441012833299692,0.35597562605793237,True,False,True,False,False,False,False,True,0.015252284242275376
-0.9775281920932161,-0.08788200023590954,-1.308862733990682,-0.5701867118926005,-0.9293966635677897,-0.8057412374245417,True,False,False,False,False,False,False,True,0.11502547509734233
-0.9775281920932161,-0.7151451190654733,0.047278311684073836,-0.5701867118926005,0.22441012833299692,0.35597562605793237,False,False,False,False,False,False,False,True,-0.03381085383852154
-0.9775281920932161,-0.6874717461759338,1.4034193573588298,-0.5701867118926005,0.22441012833299692,-0.8057412374245417,False,False,False,False,False,False,False,True,-0.9648111562205816
-0.9775281920932161,-0.7704918648445525,0.047278311684073836,-0.5701867118926005,0.22441012833299692,0.35597562605793237,False,False,False,False,False,False,True,False,-0.036427554536164045
-0.9775281920932161,-1.130245712408567,-1.308862733990682,-0.5701867118926005,-0.9293966635677897,-0.8057412374245417,False,False,False,False,False,False,False,False,1.4793364932243231
-0.9775281920932161,-0.9226954157370202,0.047278311684073836,-0.5701867118926005,0.22441012833299692,-0.8057412374245417,False,False,False,False,False,False,False,True,-0.043623481454680924
-0.9775281920932161,0.6754418686338906,0.047278311684073836,-0.5701867118926005,0.22441012833299692,-0.8057412374245417,True,False,False,False,False,False,True,False,0.03193375118974633
-1.0149869307280956,-0.9734299327011761,-1.308862733990682,-0.5701867118926005,-0.9293966635677897,-0.8057412374245417,False,False,False,False,False,False,False,True,1.2740861630636269
-1.0149869307280956,-0.7013084326207035,-1.308862733990682,-0.5701867118926005,-0.9293966635677897,-0.8057412374245417,True,False,False,False,False,False,False,True,0.917916472490654
-1.0149869307280956,0.39178979651610985,-1.308862733990682,-0.5701867118926005,-0.9293966635677897,-0.8057412374245417,True,False,False,False,False,False,True,False,-0.5127990642177285
-1.0149869307280956,0.11505606762071403,1.4034193573588298,-0.5701867118926005,0.22441012833299692,-0.8057412374245417,True,False,False,False,False,False,False,True,0.16147191248049655
-1.0243516153868155,0.02281149132224877,1.4034193573588298,-0.5701867118926005,1.3782169202337835,-0.8057412374245417,True,False,False,False,False,False,False,True,0.03201408849186689
-1.0337163000455354,-0.8535119835131713,0.047278311684073836,-0.5701867118926005,0.22441012833299692,0.35597562605793237,False,False,False,False,False,False,True,False,-0.0403526055826278
-1.0337163000455354,-0.3692279579462286,0.047278311684073836,-0.5701867118926005,0.22441012833299692,0.35597562605793237,False,False,False,True,False,False,False,True,-0.017456474478255903
-1.0337163000455354,-1.1579190852981065,-1.308862733990682,-0.5701867118926005,-0.9293966635677897,0.35597562605793237,False,False,False,False,False,False,False,False,1.5155571397232694
-1.0524456693629753,-1.1533068564831834,0.047278311684073836,-0.5701867118926005,0.22441012833299692,0.35597562605793237,True,False,True,False,False,False,False,True,-0.054526401028191354
-1.0524456693629753,-0.5491048817282359,0.047278311684073836,-0.5701867118926005,-0.9293966635677897,-0.8057412374245417,True,False,False,False,False,False,False,False,-0.02596075174559404
-1.0899044079978548,0.7607681017099709,-1.308862733990682,-0.5701867118926005,-0.9293966635677897,-0.8057412374245417,True,False,False,False,False,False,False,True,-0.9957410175370137
-1.0899044079978548,-0.5306559664685429,0.047278311684073836,-0.5701867118926005,0.22441012833299692,0.35597562605793237,True,False,False,False,False,False,False,True,-0.025088518179713203
-1.1086337773152948,-0.5306559664685429,-1.308862733990682,-0.5701867118926005,-0.9293966635677897,-0.8057412374245417,True,False,False,False,False,False,False,True,0.6945558190804847
-1.1273631466327345,-0.5610966766470363,-1.308862733990682,-0.5701867118926005,-0.9293966635677897,-0.8057412374245417,True,False,False,False,False,False,False,True,0.7343985302293257
-1.1273631466327345,-1.4531017294531954,-1.308862733990682,-0.5701867118926005,0.22441012833299692,-0.8057412374245417,True,False,False,False,False,False,True,False,1.9019107023786976
-1.1273631466327345,-0.7013084326207035,0.047278311684073836,3.4138101853056977,0.22441012833299692,-0.8057412374245417,False,True,False,False,False,False,False,True,-0.033156678664110914
-1.1273631466327345,-1.0841234242593345,0.047278311684073836,-0.5701867118926005,-0.9293966635677897,-0.8057412374245417,True,False,False,False,False,False,False,True,-0.05125552515613823
-1.1273631466327345,-1.2547758904114952,0.047278311684073836,-0.5701867118926005,-0.9293966635677897,-0.8057412374245417,False,False,False,False,False,False,False,True,-0.059323685640535945
-1.1273631466327345,-0.7704918648445525,-1.308862733990682,-0.5701867118926005,-0.9293966635677897,0.35597562605793237,True,False,False,False,False,False,True,False,1.00846808873802
-1.1273631466327345,-0.5306559664685429,0.047278311684073836,-0.5701867118926005,-0.9293966635677897,-0.8057412374245417,True,False,False,False,False,False,True,False,-0.025088518179713203
-1.1311090204962224,-0.9065526148847888,-1.308862733990682,-0.5701867118926005,-0.9293966635677897,-0.8057412374245417,True,False,False,False,True,False,False,True,1.1865529340245065
-1.1311090204962224,-0.5306559664685429,0.047278311684073836,-0.5701867118926005,0.22441012833299692,-0.8057412374245417,True,False,False,False,True,False,False,True,-0.025088518179713203
-1.1573301375406382,-1.0333889072951785,-1.308862733990682,-0.5701867118926005,-0.9293966635677897,-0.8057412374245417,False,False,False,False,False,False,False,True,1.3525642304780108
-1.1648218852676142,-0.7151451190654733,-1.308862733990682,-0.5701867118926005,-0.9293966635677897,-0.8057412374245417,True,False,False,False,False,False,False,True,0.9360267957401271
-1.1648218852676142,-0.3461668138716123,-1.308862733990682,-0.5701867118926005,-0.9293966635677897,-0.8057412374245417,True,False,False,False,False,False,False,True,0.453084842420842
-1.1648218852676142,-0.7151451190654733,-1.308862733990682,1.4218117367065486,0.22441012833299692,0.35597562605793237,True,False,True,False,False,False,False,False,0.9360267957401271
-1.2022806239024937,-1.0472255937399484,0.047278311684073836,-0.5701867118926005,-0.9293966635677897,-0.8057412374245417,False,False,False,False,False,False,False,True,-0.04951105802437656
-1.2022806239024937,-0.9088587292922504,0.047278311684073836,-0.5701867118926005,-0.9293966635677897,-0.8057412374245417,False,False,False,False,False,False,False,True,-0.042969306280270306
-1.2022806239024937,-0.9918788479608691,-1.308862733990682,-0.5701867118926005,0.22441012833299692,-0.8057412374245417,True,False,False,False,False,False,False,False,1.2982332607295912
-1.2210099932199336,-0.3461668138716123,0.047278311684073836,-0.5701867118926005,0.22441012833299692,-0.8057412374245417,True,False,False,False,False,False,False,True,-0.01636618252090486
-1.2210099932199336,-0.9918788479608691,0.047278311684073836,-0.5701867118926005,0.22441012833299692,-0.8057412374245417,False,False,False,False,False,False,True,False,-0.046894357326734054
-1.2397393625373734,-0.8950220428474807,0.047278311684073836,-0.5701867118926005,0.22441012833299692,-0.8057412374245417,True,False,True,False,False,False,False,True,-0.04231513110585968
-1.2397393625373734,-0.8811853564027108,-1.308862733990682,-0.5701867118926005,-0.9293966635677897,0.35597562605793237,False,True,False,False,False,False,False,True,1.1533506747338056
-1.2397393625373734,-0.9918788479608691,-1.308862733990682,-0.5701867118926005,-0.9293966635677897,0.35597562605793237,True,False,False,False,False,False,False,True,1.2982332607295912
-1.2397393625373734,-0.761267407214706,-1.308862733990682,-0.5701867118926005,-0.9293966635677897,-0.8057412374245417,True,True,False,False,False,False,False,True,0.9963945399050379
-1.2397393625373734,-0.1432287460149887,-1.308862733990682,-0.5701867118926005,0.22441012833299692,-0.8057412374245417,True,False,False,False,False,False,False,True,0.1874667680952351
-1.2397393625373734,1.1758686950530646,-1.308862733990682,-0.5701867118926005,-0.9293966635677897,-0.8057412374245417,True,False,False,False,False,False,False,True,-1.5390507150212096
-1.2622146057183012,-0.6990023182132419,-1.308862733990682,-0.5701867118926005,-0.9293966635677897,-0.8057412374245417,False,False,False,False,False,False,False,True,0.9148980852824085
-1.277198101172253,-1.2340208607443404,0.047278311684073836,-0.5701867118926005,0.22441012833299692,-0.8057412374245417,True,False,False,False,False,False,False,False,-0.05834242287892
-1.277198101172253,-1.0901193217187346,1.4034193573588298,1.4218117367065486,0.22441012833299692,-0.8057412374245417,True,False,False,False,False,False,False,False,-1.52989455793095
-1.277198101172253,-0.870116007246895,-1.308862733990682,-0.5701867118926005,-0.9293966635677897,-0.8057412374245417,True,False,False,False,False,False,False,True,1.1388624161342271
-1.2959274704896928,-0.6966962038057802,-1.308862733990682,-0.5701867118926005,-0.9293966635677897,-0.8057412374245417,True,False,False,False,False,False,False,True,0.9118796980741629
-1.3146568398071325,-0.9088587292922504,-1.308862733990682,-0.5701867118926005,-0.9293966635677897,-0.8057412374245417,True,False,False,False,False,False,False,True,1.189571321232752
-1.3333862091245725,-1.528742282017937,-1.308862733990682,-0.5701867118926005,-0.9293966635677897,-0.8057412374245417,False,False,True,False,False,False,True,False,2.0009138028091513
-1.3333862091245725,-0.5444926529133126,-2.665003779665438,-0.5701867118926005,-0.9293966635677897,-0.8057412374245417,False,False,False,False,False,False,False,True,1.4510749780140395
-1.3333862091245725,-0.5444926529133126,0.047278311684073836,-0.5701867118926005,0.22441012833299692,-0.8057412374245417,True,False,True,False,False,False,False,True,-0.025742693354123828
-1.3521155784420122,-1.4761628735278118,0.047278311684073836,-0.5701867118926005,-0.9293966635677897,-0.8057412374245417,False,False,False,True,False,False,False,True,-0.06979048843110595
-1.3558614523055001,0.0689337794714814,0.047278311684073836,-0.5701867118926005,-0.9293966635677897,-0.8057412374245417,False,False,False,False,True,True,False,True,0.003259072711413908
-1.4083036863943317,-0.9918788479608691,-1.308862733990682,-0.5701867118926005,-0.9293966635677897,-0.8057412374245417,False,False,False,False,False,False,False,True,1.2982332607295912
-1.4270330557117714,-1.2686125768562648,0.047278311684073836,-0.5701867118926005,0.22441012833299692,-0.8057412374245417,True,False,False,False,False,False,False,True,-0.05997786081494656
-1.4270330557117714,-0.9918788479608691,1.4034193573588298,-0.5701867118926005,0.22441012833299692,-0.8057412374245417,True,False,False,False,False,False,False,True,-1.3920219753830594
-1.4270330557117714,-0.8258386106236316,-1.308862733990682,-0.5701867118926005,-0.9293966635677897,0.35597562605793237,True,False,False,False,False,False,False,True,1.0809093817359128
-1.5019505329815308,-0.7981652377340921,2.7595604030335856,-0.5701867118926005,0.22441012833299692,-0.8057412374245417,False,False,False,False,False,False,False,True,-2.2025851851288887
-1.5394092716164103,-1.5914685939008932,0.047278311684073836,-0.5701867118926005,0.22441012833299692,-0.8057412374245417,True,False,False,False,False,False,False,True,-0.07524194821786116
-1.5394092716164103,-0.6925451978723494,-1.308862733990682,-0.5701867118926005,-0.9293966635677897,-0.8057412374245417,True,False,False,False,False,False,False,True,0.9064466010993211
-1.5581386409338502,-0.9964910767757924,-1.308862733990682,-0.5701867118926005,-0.9293966635677897,0.35597562605793237,False,False,False,False,False,False,False,True,1.3042700351460823
-1.57686801025129,-0.9918788479608691,-1.308862733990682,-0.5701867118926005,-0.9293966635677897,1.5176924895404067,True,False,True,False,False,False,False,True,1.2982332607295912
-1.6051493579206242,-1.2686125768562648,0.047278311684073836,-0.5701867118926005,-0.9293966635677897,-0.8057412374245417,False,False,False,False,False,False,True,False,-0.05997786081494656
-1.6143267488861697,-0.7059206614356268,-1.308862733990682,-0.5701867118926005,-0.9293966635677897,-0.8057412374245417,True,False,False,False,False,False,False,True,0.9239532469071451
-1.6143267488861697,-1.0333889072951785,0.047278311684073836,-0.5701867118926005,-0.9293966635677897,-0.8057412374245417,False,False,False,False,False,False,False,False,-0.048856882849965935
-1.6143267488861697,-0.5998393986923918,0.047278311684073836,-0.5701867118926005,0.22441012833299692,-0.8057412374245417,True,False,False,False,False,False,False,True,-0.02835939405176633
